LSOA21CD,2021 super output area - lower layer,unemployment_rate_percent,level4_qualification_percent,detached_housing_percent,terraced_housing_percent,total_rent_ratio_percent,non_overcrowded_percent,no2_concentration_ugm3,so2_concentration_ugm3,pm10_concentration_ugm3,ndvi_passive_green_space
E01004768,E01004768 : Bolton 001A,2.67,38.82,66.29,5.05,6.37,98.05510535,10.52,1.7,11.29,0.52
E01004803,E01004803 : Bolton 001B,2.58,43.54,41.42,28.03,17.18,98.04469274,8.99,1.48,10.61,0.49
E01004804,E01004804 : Bolton 001C,5.2,45.78,62.07,10.02,7.38,97.87234043,9.86,1.59,11.07,0.51
E01004807,E01004807 : Bolton 001D,5.15,40.34,32.47,26.42,16.06,97.40484429,11.53,1.79,11.72,0.39
E01004808,E01004808 : Bolton 001E,3.88,43.25,43.48,15.51,10.68,98.98403483,10.33,1.66,11.27,0.49
E01004788,E01004788 : Bolton 002A,4.43,39.1,39.02,8.69,7.57,98.84868421,11.95,1.78,11.75,0.47
E01004790,E01004790 : Bolton 002B,4.98,37.17,20.78,46.82,26.4,97.52321981,13.12,1.95,12.47,0.43
E01004805,E01004805 : Bolton 002C,3.31,41.24,59.38,15.92,10.58,97.77117385,11.51,1.75,11.42,0.53
E01004806,E01004806 : Bolton 002D,3.56,37.65,34.64,15.28,12.73,96.6616085,12.12,1.84,12.21,0.46
E01004810,E01004810 : Bolton 002E,2.97,39.5,44.5,19.34,12.11,97.79874214,13.08,1.96,12.43,0.43
E01004769,E01004769 : Bolton 003A,3.61,36.64,23.72,27.38,12.41,95.61403509,12.44,1.91,12.19,0.43
E01004770,E01004770 : Bolton 003B,4.37,29.26,23.08,15.38,11.29,94.11764706,13.29,2.01,12.35,0.39
E01004771,E01004771 : Bolton 003C,3.41,39.4,25.92,2.56,9.74,97.12460064,12.44,1.91,12,0.44
E01004773,E01004773 : Bolton 003D,3.75,30.41,4.32,35.01,28.67,94.76744186,13.01,1.98,12.22,0.31
E01004809,E01004809 : Bolton 003E,3.13,29.06,5.06,46.95,39.47,94.70655926,12.44,1.91,12.27,0.46
E01004777,E01004777 : Bolton 004A,4.06,28.82,12.77,59.29,46.21,94.94310999,12.08,2.17,12.4,0.31
E01004881,E01004881 : Bolton 004B,5.1,20.33,2.3,59.97,52.75,95.39052497,12.58,2.15,12.22,0.24
E01004888,E01004888 : Bolton 004C,5.96,32.58,30.02,15.01,33.74,96.33507853,11.86,2.03,12.27,0.52
E01004889,E01004889 : Bolton 004D,5.69,24.58,9.15,27.13,38.52,95.7480315,12.01,2.11,12.29,0.47
E01004890,E01004890 : Bolton 004E,7.05,31.27,2.49,51.54,30.79,98.24046921,11.78,2.17,12.37,0.27
E01004766,E01004766 : Bolton 005A,7.46,26.03,6.57,48.82,44.6,94.28571429,12.64,1.95,11.95,0.33
E01004767,E01004767 : Bolton 005B,4.47,27.51,8.08,27.63,43.96,95.21586931,14.14,2.11,12.35,0.36
E01004772,E01004772 : Bolton 005C,6.61,24.15,25.67,20.59,58.56,94.89932886,11.57,1.83,11.95,0.52
E01004774,E01004774 : Bolton 005D,5.59,24.63,12.2,57.99,40.19,93.63143631,12.21,1.9,11.95,0.35
E01004824,E01004824 : Bolton 005E,8.51,21.45,6.85,78.63,33.4,78.18181818,15.29,2.27,12.67,0.2
E01004784,E01004784 : Bolton 006A,4.42,34.72,50.3,2.17,6.32,98.42209073,13.35,1.98,12.43,0.43
E01004785,E01004785 : Bolton 006B,5.04,25.53,23.11,22.19,24,95.37750385,13.45,2,12.47,0.5
E01004786,E01004786 : Bolton 006C,3.28,31.82,31.78,17.35,19.04,99.27113703,14.33,2.08,12.5,0.43
E01004789,E01004789 : Bolton 006D,1.93,39.28,27.91,13.14,9.21,98.51973684,11.16,1.7,11.2,0.57
E01004791,E01004791 : Bolton 006E,2.95,35.85,20.15,29.62,18.17,97.70642202,12.08,1.81,12.11,0.42
E01004792,E01004792 : Bolton 006F,3.65,36.45,47.97,4.69,6.56,98.59375,13.14,2,12.14,0.48
E01004779,E01004779 : Bolton 007A,3.74,28.39,33.76,23.31,31.03,96.1352657,10.64,2.16,12,0.46
E01004781,E01004781 : Bolton 007B,2.93,36.78,28.23,40.61,29.49,97.37670514,11.77,2.12,12.6,0.29
E01004882,E01004882 : Bolton 007C,4.39,32.11,15.73,52.01,28.75,95.36,12.33,2.2,12.73,0.32
E01004883,E01004883 : Bolton 007D,4.63,33.91,17.38,44.33,31.02,96.46910467,12.3,2.07,12.6,0.35
E01004884,E01004884 : Bolton 007E,3.49,45.13,52.59,19.54,11.64,99.2816092,10.31,1.87,11.89,0.57
E01004864,E01004864 : Bolton 008A,6.92,25.14,8.8,58.06,30.94,96.63250366,12.14,2,12.22,0.36
E01004867,E01004867 : Bolton 008B,12.13,20.65,4.41,80.85,38.64,84.4856661,13.15,2.2,12.49,0.24
E01004921,E01004921 : Bolton 008C,5.32,27.97,3.22,45.31,22.24,93.98601399,12.61,2.04,12.15,0.31
E01004924,E01004924 : Bolton 008D,3.44,45.28,30.18,9.47,7.73,99.03846154,10.31,1.79,11.63,0.59
E01004925,E01004925 : Bolton 008E,3.84,30.21,3.93,31.6,18.37,96.69291339,11.87,1.91,12.04,0.32
E01004778,E01004778 : Bolton 009A,4.69,27.72,7.58,16.82,17.74,98.33641405,9.39,1.93,11.78,0.38
E01004780,E01004780 : Bolton 009B,2.77,35.53,37.22,28.22,22.39,97.44637385,9.86,2.08,11.86,0.48
E01004782,E01004782 : Bolton 009C,4.28,27.14,23.59,28.21,35.68,95.03424658,9.47,1.97,11.83,0.39
E01004783,E01004783 : Bolton 009D,5.03,31.76,22.8,19.76,15.78,96.95585997,9.6,2.08,12.23,0.45
E01004802,E01004802 : Bolton 010A,9.47,20.69,3.3,26.52,73.48,91.28137384,15.01,2.18,12.86,0.49
E01004926,E01004926 : Bolton 010B,10.68,15.92,1.72,22.99,64.49,84.92366412,17.14,2.38,12.93,0.43
E01004927,E01004927 : Bolton 010C,8.12,24.31,5.79,48.81,68.41,92.65967588,15.72,2.28,12.77,0.4
E01004929,E01004929 : Bolton 010D,4.77,29.62,17.98,28.53,45.5,94.81680071,16.08,2.28,12.9,0.41
E01004820,E01004820 : Bolton 011A,13.19,17.42,5.02,56.31,66.24,81.29032258,13.81,2.24,12.71,0.27
E01004825,E01004825 : Bolton 011B,12.78,20.22,4.3,66.06,58.21,76.19834711,14.3,2.19,12.44,0.3
E01004826,E01004826 : Bolton 011C,12.98,20.65,4.17,68.28,66.83,78.26086957,13.22,2.09,12.33,0.24
E01004865,E01004865 : Bolton 011D,7.45,23.33,12.18,60.89,49.46,90.8719346,12.81,2.03,12.13,0.25
E01004866,E01004866 : Bolton 011E,13.6,19.39,5.3,47.81,70.18,83.75165125,13.88,2.25,12.73,0.4
E01004840,E01004840 : Bolton 012A,3.43,39.77,28.53,24.52,24.97,95.56786704,11.31,1.93,11.68,0.61
E01004841,E01004841 : Bolton 012B,12.4,15.5,3.35,43.75,72.6,86.45357686,11.25,1.82,11.57,0.51
E01004842,E01004842 : Bolton 012C,3.85,47.44,20.49,9.02,18.44,98.49726776,11.83,1.9,11.67,0.43
E01004919,E01004919 : Bolton 012D,3.4,36.02,13.73,32.72,14.51,97.38058552,11.59,1.85,11.75,0.41
E01004920,E01004920 : Bolton 012E,6.75,33.65,15.79,30.38,31.48,93.25337331,11.82,1.87,11.67,0.42
E01004787,E01004787 : Bolton 013A,12.23,16.47,5.57,33.95,72.15,89.52254642,14.47,2.14,12.74,0.51
E01004793,E01004793 : Bolton 013B,10.93,14.91,7.05,27.63,65.56,90.48991354,15.19,2.19,12.74,0.51
E01004794,E01004794 : Bolton 013C,18.67,20.04,10.54,22.75,65.6,87.37864078,15.79,2.24,12.82,0.49
E01004795,E01004795 : Bolton 013D,9.55,19.35,10.1,20.49,47.12,92.64069264,13.82,2.05,12.54,0.47
E01004797,E01004797 : Bolton 013E,7.18,18.91,2.32,22.78,56.87,90.15444015,14.91,2.17,12.74,0.45
E01004775,E01004775 : Bolton 014A,1.91,39.81,30.89,29.37,17.13,98.27213823,11.26,2.27,13.09,0.54
E01004885,E01004885 : Bolton 014B,3.71,50.34,71.25,8.47,8.27,98.41269841,11.82,2.05,12.24,0.63
E01004886,E01004886 : Bolton 014C,6.26,25.69,7.87,19.58,50.48,95.65916399,13.34,2.08,13.02,0.48
E01004887,E01004887 : Bolton 014D,5.93,26.5,15.65,12.69,42.48,96.69421488,13.12,2.18,12.68,0.53
E01004868,E01004868 : Bolton 015A,9.22,24.07,3.18,74.72,52.67,82.50688705,12.36,1.99,11.98,0.21
E01004869,E01004869 : Bolton 015B,17.23,17.86,8.23,66.59,68.48,82.10399033,12.48,2.01,12.06,0.18
E01004870,E01004870 : Bolton 015C,15.28,24.45,3.83,36.2,58.65,83.86243386,12.62,2.06,12.15,0.32
E01004871,E01004871 : Bolton 015D,12.98,19.3,6.89,73.62,51.19,70.47244094,12.54,2.04,11.99,0.25
E01004922,E01004922 : Bolton 015E,6.42,27.85,14.27,49.83,48.7,90.93997735,12.44,2.03,12.03,0.34
E01004822,E01004822 : Bolton 016B,13.94,20.64,6.07,53.11,59.87,78.43137255,14.87,2.41,13.13,0.26
E01004823,E01004823 : Bolton 016C,13.57,17.46,5.13,43.64,78.49,86.26309662,14.12,2.26,12.81,0.34
E01004848,E01004848 : Bolton 016D,17.04,21.32,8.07,23.43,84.64,81.20204604,14.65,2.43,12.86,0.13
E01033217,E01033217 : Bolton 016E,23.79,28.53,1.23,3.85,89.63,93.98148148,14.76,2.33,12.82,0.16
E01033220,E01033220 : Bolton 016F,16.64,23,1.76,11.26,83,88.43537415,16.07,2.42,13.13,0.39
E01004818,E01004818 : Bolton 017A,12.89,24.74,4.1,49.19,72.45,84.83965015,15.75,2.44,13.11,0.28
E01004819,E01004819 : Bolton 017B,5.99,28.8,12.04,34.78,30.3,93.18936877,14.16,2.27,12.68,0.43
E01004928,E01004928 : Bolton 017C,8.26,22.89,2.48,80.47,52.19,94.73684211,16.41,2.32,12.93,0.26
E01004930,E01004930 : Bolton 017D,3.67,24.48,4.3,27.71,16.83,95.38950715,15.55,2.22,12.74,0.4
E01004931,E01004931 : Bolton 017E,8.66,19.65,2.82,48.59,50.74,94.76510067,15.67,2.26,12.92,0.38
E01004932,E01004932 : Bolton 017F,8.77,22.63,3.05,71.75,43.77,93.75,14.92,2.27,12.8,0.31
E01004834,E01004834 : Bolton 018A,10.13,23.53,7.2,64.84,44.08,86.76975945,12.98,2.07,12.6,0.24
E01004838,E01004838 : Bolton 018B,10.29,20.72,8.74,49.54,55.67,81.90184049,12.98,2.07,12.6,0.37
E01004843,E01004843 : Bolton 018C,2.93,46.49,36.92,19.26,14.58,97.59615385,11.91,1.91,11.72,0.52
E01004845,E01004845 : Bolton 018D,4.47,46.4,25.77,18.49,26.43,93.84615385,12.17,2.02,11.81,0.54
E01004923,E01004923 : Bolton 018E,5.54,33.62,2.68,64.25,36.95,91.66666667,12.36,1.99,11.98,0.31
E01004796,E01004796 : Bolton 019A,7.2,22.71,6.13,40.96,23.73,94.17910448,14.08,2.1,12.5,0.43
E01004798,E01004798 : Bolton 019B,8.21,18.58,5.86,34.44,41.38,88.45577211,13.75,2.04,12.38,0.43
E01004799,E01004799 : Bolton 019C,1.1,24.59,40.31,5.66,9.39,97.44027304,13.58,2.02,12.32,0.41
E01004800,E01004800 : Bolton 019D,2.72,27.04,15.41,6.95,14.23,97.00374532,13.41,1.99,12.18,0.41
E01004801,E01004801 : Bolton 019E,12.23,18.58,3.46,54.97,72.44,90.56886228,14.08,2.1,12.42,0.49
E01004917,E01004917 : Bolton 019F,8.81,25.12,21.71,29.54,33.72,94.15448852,14.67,2.24,12.72,0.49
E01004835,E01004835 : Bolton 020A,3.89,39.35,79.61,7.51,14.46,95.52772809,13.51,2.5,12.77,0.48
E01004836,E01004836 : Bolton 020B,6.17,35.71,61.86,15.75,17.08,93.68770764,13.15,2.25,12.8,0.45
E01004837,E01004837 : Bolton 020C,4.04,50.61,87.29,4.68,5.21,98.48993289,11.71,1.99,11.7,0.61
E01004844,E01004844 : Bolton 020D,3.8,55.17,86.5,2.93,7.15,98.53896104,11.44,2.01,12.36,0.61
E01004897,E01004897 : Bolton 020E,2.67,44.17,37.94,18.2,17.32,97.16157205,12.66,2.33,12.77,0.45
E01004827,E01004827 : Bolton 021A,12.11,15.84,6.55,54.76,62.41,76.41791045,13.07,2.09,12.6,0.36
E01004849,E01004849 : Bolton 021B,11.38,20.91,6.63,76.51,47.26,69.33867735,14.31,2.36,12.74,0.16
E01004850,E01004850 : Bolton 021C,18.64,19.24,3.88,50.58,67.48,79.06976744,13.34,2.18,12.15,0.29
E01004851,E01004851 : Bolton 021D,9.88,19.41,3.99,42.97,68.48,80.99041534,13.99,2.3,12.69,0.28
E01004853,E01004853 : Bolton 021E,10.85,21.13,8.35,69.25,55.71,73.67346939,13.34,2.18,12.37,0.31
E01004811,E01004811 : Bolton 022A,7.25,17.3,12.58,57.52,67.38,82.1812596,14.88,2.59,12.98,0.23
E01004812,E01004812 : Bolton 022B,11.46,21.08,8.8,51.61,57.86,77.12609971,15.09,2.68,13.04,0.19
E01004813,E01004813 : Bolton 022C,6.45,22.07,5,45.58,46.37,84.92366412,15.05,2.34,13.46,0.4
E01004815,E01004815 : Bolton 022D,9.82,23.56,12.61,33.39,37.41,86.34751773,14.99,2.69,12.74,0.38
E01004817,E01004817 : Bolton 022E,10.18,29.85,10.74,15.19,67.49,84.12371134,15.17,2.5,13.04,0.16
E01004828,E01004828 : Bolton 023A,11.37,21.74,5.41,74.88,58.1,75.55555556,13.39,2.13,12.85,0.23
E01004829,E01004829 : Bolton 023B,10.13,22.6,8.54,75.83,56.85,80.08298755,13.34,2.18,12.59,0.17
E01004832,E01004832 : Bolton 023C,5.65,25.26,7.39,69.5,30.36,86.99059561,13.92,1.96,13.56,0.22
E01004854,E01004854 : Bolton 023D,11.01,20.93,6.7,77.32,44.49,74.35344828,13.34,2.18,12.59,0.13
E01004878,E01004878 : Bolton 023E,9.41,22.97,3.86,36.21,34.31,85.16483516,14.08,2.02,13.3,0.38
E01004911,E01004911 : Bolton 024A,7.22,17.24,6.48,31.17,46.95,91.28630705,14.81,2.03,13,0.35
E01004912,E01004912 : Bolton 024B,4.78,20.92,4.31,10.92,15.98,98.46153846,15.91,2.08,13.77,0.36
E01004913,E01004913 : Bolton 024C,4.71,23.62,16.22,13.54,28.35,93.99744572,14.02,1.99,12.25,0.41
E01004914,E01004914 : Bolton 024D,4.53,20.76,8.88,5.21,8.49,95.95375723,14.08,1.99,12.65,0.36
E01004915,E01004915 : Bolton 024E,2.4,22.62,9.25,2.08,8.11,96.41509434,15.91,2.08,13.77,0.39
E01004916,E01004916 : Bolton 024F,6.1,20.56,4.28,35.75,42.48,93.18518519,15.2,2,13.04,0.47
E01004918,E01004918 : Bolton 024G,2.01,24.54,11.94,6.07,6.84,97.47572816,14,1.94,12.22,0.37
E01004846,E01004846 : Bolton 025A,10.04,19.03,5.28,62.6,56.33,84.14634146,15.11,2.45,12.37,0.34
E01004847,E01004847 : Bolton 025B,11.3,20.36,7.53,42.86,58.06,76.72281776,14.23,2.31,12.48,0.39
E01004852,E01004852 : Bolton 025C,6.68,22.6,6.37,73.51,40.91,72.13114754,14.27,2.33,12.61,0.18
E01004877,E01004877 : Bolton 025D,16.02,19.33,3.13,19.82,72.28,77.36131934,14.52,2.09,13.24,0.46
E01004879,E01004879 : Bolton 025E,8.87,21.51,4.87,21.16,57.43,79.88721805,14.96,2.16,13.18,0.46
E01004830,E01004830 : Bolton 026A,8.29,18.38,4.66,54.73,55.85,89.0260631,13.92,1.96,13.56,0.22
E01004831,E01004831 : Bolton 026B,4.71,25.61,6.52,53.57,22.6,90.99378882,12.82,1.9,13.17,0.33
E01004833,E01004833 : Bolton 026C,5.72,26.94,27.53,26.44,17.86,95.49689441,12.87,1.91,12.78,0.44
E01004839,E01004839 : Bolton 026D,10.29,23.86,4.69,36.35,72.26,89.69823101,14.4,2.47,13.82,0.48
E01004814,E01004814 : Bolton 027A,6.67,23.72,9.04,35.64,39.86,86.70212766,15.79,2.47,13.81,0.39
E01004855,E01004855 : Bolton 027B,6.39,22.94,5.47,59.97,39.65,91.80064309,16.07,2.13,14.06,0.37
E01004856,E01004856 : Bolton 027C,9.32,20.07,3.62,60.79,53.23,87.55905512,15.33,2.2,13.44,0.37
E01004857,E01004857 : Bolton 027D,10.76,19.05,6.79,52.04,53.16,87.06766917,16.29,2.2,13.48,0.28
E01004891,E01004891 : Bolton 028A,3.28,26.91,17.57,14.32,20.89,97.56756757,11.51,2.12,12.12,0.43
E01004893,E01004893 : Bolton 028B,1.87,36.62,53.44,8.13,6.56,98.5915493,11.41,2.42,12.22,0.43
E01004894,E01004894 : Bolton 028C,4.88,32.97,18.82,36.59,28.99,95.75971731,11.59,2.45,12.27,0.36
E01004901,E01004901 : Bolton 028E,3.95,36.22,64.73,10.08,15.78,99.2248062,12.18,2.66,12.22,0.41
E01033218,E01033218 : Bolton 028F,3.94,38.26,25.79,34.65,27.23,96.20853081,12.17,2.62,13.21,0.41
E01033219,E01033219 : Bolton 028G,2.23,36.86,45.73,23.12,12.37,98.99665552,11.75,2.15,13.31,0.55
E01004816,E01004816 : Bolton 029A,5.66,28.53,7.02,18.39,28.93,69.89966555,15.03,2.31,13.82,0.43
E01004872,E01004872 : Bolton 029B,7.05,23.47,2.12,37.03,41.69,90.40650407,14.84,2.21,13.42,0.4
E01004873,E01004873 : Bolton 029C,7.67,20.85,1.29,6.63,46.6,83.0371567,14.84,2.21,13.42,0.41
E01004875,E01004875 : Bolton 029D,5.45,25.98,9.48,18.96,27.83,94.03669725,14.7,2.14,13.33,0.4
E01004880,E01004880 : Bolton 029E,4.02,27,20.28,0.4,15.82,90.8,14.7,2.14,13.33,0.36
E01004892,E01004892 : Bolton 030A,2.28,32.14,20.73,7.05,14.47,97.74330042,11.66,1.95,12.24,0.45
E01004896,E01004896 : Bolton 030B,4.01,37.13,67.95,1.83,5.13,98.35466179,11.58,1.88,12.01,0.53
E01004899,E01004899 : Bolton 030C,5.75,30.97,26.7,11.81,25.08,94.52495974,12.8,2.21,13.09,0.54
E01004900,E01004900 : Bolton 030D,4.68,38.18,32.8,23.79,26.81,96.93548387,13.44,2.15,13.33,0.41
E01004776,E01004776 : Bolton 031A,5.21,26.28,15.36,51.39,40.05,95.52058111,11.2,2.65,13.11,0.4
E01004895,E01004895 : Bolton 031B,6.48,21.64,13.43,31.51,38.54,96.36363636,11.02,2.29,12.23,0.47
E01004936,E01004936 : Bolton 031C,2.82,30.78,19.23,40.63,30.7,97.42574257,11.33,2.8,12.65,0.36
E01004938,E01004938 : Bolton 031D,9.23,18.63,2.38,20.79,64.33,89.3481717,10.97,2.5,12.23,0.53
E01004939,E01004939 : Bolton 031E,5.75,25.33,18.65,28.89,34.41,95.23809524,11.17,2.7,12.58,0.53
E01004858,E01004858 : Bolton 032A,8.09,21.48,9.94,37.68,52.53,95.39106145,15.74,2.15,13.62,0.37
E01004859,E01004859 : Bolton 032B,11.83,16.91,3.01,36.01,68.63,91.52298851,16.64,2.1,14.18,0.23
E01004860,E01004860 : Bolton 032C,5.58,19.02,3.51,44.36,37.74,94.56681351,16.64,2.1,13.81,0.29
E01004902,E01004902 : Bolton 032D,6.54,19.35,4.89,45.05,41.57,94.31171786,16.99,1.99,14.41,0.27
E01004906,E01004906 : Bolton 032E,6.7,19.6,8.31,44.16,54.33,90.76576577,17.84,2.07,14.61,0.35
E01004861,E01004861 : Bolton 033A,8.73,21.03,9.92,7.82,55.12,89.17293233,15.19,2.18,13.04,0.41
E01004862,E01004862 : Bolton 033B,9.11,17.13,7.99,9.35,63.5,90.50847458,15.64,2.13,13.32,0.41
E01004863,E01004863 : Bolton 033C,8.33,17.03,2.65,27.57,62.66,90.01560062,15.64,2.13,13.32,0.39
E01004874,E01004874 : Bolton 033D,4.36,21.45,5.43,30.02,34.89,95.15885023,12.8,2.01,13.25,0.43
E01004876,E01004876 : Bolton 033E,10.56,19.19,5.09,33.72,54.41,94.01273885,14.29,2.27,12.49,0.44
E01004903,E01004903 : Bolton 034A,3.84,26.96,29.51,25.69,15.63,98.25783972,18.81,1.97,13.85,0.4
E01004904,E01004904 : Bolton 034B,3.88,28.98,21.11,23.68,25.51,96.47696477,18.47,1.95,13.6,0.46
E01004905,E01004905 : Bolton 034C,7.21,21.18,4.46,38.93,38.31,94.0564636,18.53,1.98,14.47,0.4
E01004907,E01004907 : Bolton 034D,8.74,19.42,2.94,25.5,44.12,89.52205882,17.66,1.94,14.45,0.47
E01004908,E01004908 : Bolton 034E,5.69,21.42,12.19,7.89,16.46,96.60107335,17.29,1.93,13.99,0.39
E01004909,E01004909 : Bolton 034F,5.22,18.84,5.92,21.03,40,93.91575663,18,1.92,14.4,0.44
E01004910,E01004910 : Bolton 034G,4.76,26.38,7.3,23.42,39.72,94.83870968,17.09,2.04,14.03,0.45
E01004933,E01004933 : Bolton 035A,2.94,29.33,22.43,18.96,14.9,97.2173913,11.27,2.56,12.57,0.48
E01004934,E01004934 : Bolton 035B,5,36.33,57.04,10.47,29.06,95.85585586,11.27,2.56,12.57,0.56
E01004935,E01004935 : Bolton 035C,2.9,32.56,38.53,27.07,16.96,97.19626168,11.03,2.34,12.13,0.4
E01004937,E01004937 : Bolton 035D,3.86,34.97,69.28,21.6,10.75,97.43589744,11.27,2.77,12.87,0.48
E01004940,E01004940 : Bolton 035E,3.05,26.2,31.68,4.29,11.92,96.85950413,10.97,2.5,12.23,0.36
E01005014,E01005014 : Bury 001A,3.1,37.71,15.66,34.61,39.79,96.83794466,10.68,1.63,10.28,0.26
E01005015,E01005015 : Bury 001B,5.06,30.31,10.63,52.69,43.67,93.12865497,11.16,1.85,10.87,0.62
E01005016,E01005016 : Bury 001C,3.31,44.15,7.46,69.44,23.42,94.52247191,10.7,1.63,10.37,0.47
E01005017,E01005017 : Bury 001D,2.93,39.1,24.68,34.11,22.09,97.02842377,10.67,1.63,10.94,0.43
E01005018,E01005018 : Bury 001E,5.27,35.54,10.22,50.97,37.9,94.88950276,10.12,1.55,10.49,0.44
E01005021,E01005021 : Bury 001F,3.23,40.13,45.48,14.05,8.33,98.09069212,9.01,1.44,9.97,0.6
E01005019,E01005019 : Bury 002A,3.68,41.49,50.56,20.8,13.74,97.28,10.68,1.61,10.49,0.46
E01005023,E01005023 : Bury 002B,3.32,35.88,17.58,10.44,22.16,97.24770642,11.46,1.71,10.84,0.44
E01005046,E01005046 : Bury 002C,3.25,39.35,26.84,5.75,6.8,98.96602659,10.69,1.61,10.58,0.41
E01005048,E01005048 : Bury 002D,2.28,50.69,72.01,8.93,6.53,97.87556904,10.19,1.54,10.35,0.45
E01005020,E01005020 : Bury 003A,2.5,46.67,82.34,2.18,4.57,99.20634921,10.58,1.63,10.69,0.45
E01005022,E01005022 : Bury 003B,2.86,52,41.89,30.71,14.49,99.21383648,11.26,1.7,11.05,0.64
E01005047,E01005047 : Bury 003C,2.96,41.33,37.56,27.58,9.32,99.15254237,10.41,1.6,10.59,0.7
E01005049,E01005049 : Bury 003D,3.72,36.38,17.98,47.67,17.88,96.94148936,10.65,1.6,10.64,0.46
E01005051,E01005051 : Bury 003E,1.86,33.18,22.73,42.73,28.41,93.51585014,10.92,1.63,10.76,0.48
E01004976,E01004976 : Bury 004A,6.18,24.35,4.54,17.53,39.87,94.85179407,15.03,2.13,11.79,0.45
E01004977,E01004977 : Bury 004B,5.58,26.17,5.81,23.36,32.83,96.22166247,15.34,2.15,12.14,0.34
E01004978,E01004978 : Bury 004C,7.44,30.97,5.47,57.14,28.79,90.27355623,16.59,2.25,12.54,0.34
E01004981,E01004981 : Bury 004D,3.07,34.52,14.47,20.9,24.28,97.90996785,12.73,1.82,11.4,0.56
E01004982,E01004982 : Bury 004E,3.36,34.73,41.9,18.65,13.59,97.86259542,13.77,1.95,11.83,0.49
E01004961,E01004961 : Bury 005A,6.31,26.94,32.91,21.52,39.78,92.22222222,16.06,2.14,12.1,0.41
E01004965,E01004965 : Bury 005B,3.3,41.83,73.72,4.74,8.88,95.43650794,13.42,1.95,11.36,0.45
E01004966,E01004966 : Bury 005C,6.73,27.82,9.83,14.13,42.88,91.67822469,12.4,1.83,11.19,0.45
E01004967,E01004967 : Bury 005D,3.93,39.82,82.07,1.08,6.25,98.27213823,16.42,2.21,12.08,0.44
E01004963,E01004963 : Bury 006A,3.65,27.26,19.91,19.19,22.4,92.79538905,12.97,1.82,11.3,0.4
E01004968,E01004968 : Bury 006B,2.63,35.46,22.68,10.11,8.79,98.36601307,13.7,1.9,11.47,0.4
E01005050,E01005050 : Bury 006C,3.32,31.06,27.53,45.53,21.22,95.5346651,11.55,1.7,10.9,0.44
E01005052,E01005052 : Bury 006D,4.62,35.08,19.97,12.97,9.4,99.14529915,10.84,1.61,10.58,0.39
E01005053,E01005053 : Bury 006E,3.05,31.28,19.75,39.49,21.57,96.68769716,11.66,1.73,10.95,0.48
E01004954,E01004954 : Bury 007A,4.22,27.18,13.64,22.48,28.02,96.89922481,14.93,2.07,12.87,0.46
E01004955,E01004955 : Bury 007B,6.13,24.09,16.3,41.67,35.51,93.84057971,15.32,2.18,12.67,0.47
E01004956,E01004956 : Bury 007C,7.62,21.59,5.24,55.04,48.28,90.1660281,15.08,2.06,12.7,0.28
E01004957,E01004957 : Bury 007D,11.21,19.12,9.73,23.26,65.11,84.74148802,15.17,2.29,13.16,0.49
E01004960,E01004960 : Bury 007E,18.02,15.55,3.99,20.86,81.9,83.28220859,15.96,2.19,12.79,0.49
E01004958,E01004958 : Bury 008A,10.7,19.87,2.77,64.92,58.52,89.35860058,15,2.17,12.47,0.24
E01004959,E01004959 : Bury 008B,9.73,21.99,3.42,56.97,50.89,89.07103825,14.68,2.16,12.42,0.31
E01004979,E01004979 : Bury 008C,11.51,20.12,4.01,64.54,63,83.92857143,14.7,1.99,11.93,0.19
E01004980,E01004980 : Bury 008D,9.17,26.49,1.25,75.23,50,88.5625966,16.29,2.2,12.7,0.23
E01005024,E01005024 : Bury 008E,11.75,28.12,5.21,34.43,70.63,75.250501,14.99,2.26,12.29,0.13
E01005026,E01005026 : Bury 008F,7.06,24.71,4.63,68.52,34.93,76.31578947,14.01,2.31,12.06,0.18
E01004947,E01004947 : Bury 009A,6.59,25.29,2.27,75.45,42.66,90.4400607,13.85,1.87,11.75,0.28
E01004948,E01004948 : Bury 009B,8.15,25.11,9.65,30.15,48.28,92.5,13.42,1.89,11.77,0.15
E01004962,E01004962 : Bury 009C,3.48,30.63,11.11,58.78,27.65,95.22673031,13.35,1.82,11.45,0.25
E01004964,E01004964 : Bury 009D,4.13,27.77,4.29,60.48,40.41,94.28571429,14.59,1.99,11.71,0.3
E01004949,E01004949 : Bury 010A,3.1,35.87,55.94,0.86,6.21,97.93459552,12.24,1.73,11.47,0.42
E01004950,E01004950 : Bury 010B,3.14,39.37,66.56,0.65,12.3,98.2171799,12.1,1.8,11.25,0.45
E01004951,E01004951 : Bury 010C,2.84,31.26,25.27,7.09,8.32,97.38058552,12.64,1.84,11.9,0.4
E01004952,E01004952 : Bury 010D,2.04,34.41,76.42,1.46,5.69,99.3485342,12.52,1.82,11.7,0.42
E01004953,E01004953 : Bury 010E,4.37,34.58,31.92,8.02,19.34,97.95597484,13.43,1.83,11.63,0.47
E01005025,E01005025 : Bury 011A,6.33,28.29,10.74,22.87,28.93,95.26462396,12.73,1.87,11.57,0.42
E01005027,E01005027 : Bury 011B,8.49,30.2,3.91,65.8,41.98,85.46511628,12.71,1.86,11.61,0.2
E01005028,E01005028 : Bury 011C,8.17,21.01,4.31,20.84,64.27,86.67466987,13.71,2.21,12.02,0.44
E01005029,E01005029 : Bury 011D,6.92,24.38,7.69,47.57,32.08,81.47566719,13.6,2.22,11.92,0.36
E01005000,E01005000 : Bury 012A,5.06,30.24,46.77,12.24,11.73,97.95570698,13.36,1.98,12.22,0.42
E01005001,E01005001 : Bury 012B,2.18,32.21,66.13,9.13,12.88,99.39148073,13.56,1.99,12.2,0.43
E01005005,E01005005 : Bury 012C,3.14,34.12,21.06,42.77,14.31,96.62379421,12.7,1.91,11.77,0.58
E01005006,E01005006 : Bury 012D,2.93,36.08,33.21,10.53,19.85,98.0173482,12.57,1.87,11.86,0.46
E01005030,E01005030 : Bury 013A,8.78,22.75,2.92,14.47,65.23,93.63867684,12.92,2.02,11.69,0.44
E01005054,E01005054 : Bury 013B,3.74,30.42,18.61,28.55,27.23,95.74468085,14.98,2.38,12.68,0.42
E01005059,E01005059 : Bury 013C,3.63,33.12,31.49,11.19,37.67,94.46749654,14.12,2.49,12.14,0.52
E01005060,E01005060 : Bury 013D,5.23,28.25,14.42,19.59,25.03,93.60544218,14.17,2.33,12.05,0.38
E01004997,E01004997 : Bury 014A,3.42,24.45,18.61,58.58,33.39,92.39482201,13.24,1.96,11.96,0.31
E01004998,E01004998 : Bury 014B,3.19,25.07,25.75,23.85,18.54,96.61705007,13.18,1.93,11.89,0.37
E01004999,E01004999 : Bury 014C,3.84,26.62,32.11,14.05,16.69,96.48241206,12.88,1.92,11.84,0.47
E01005002,E01005002 : Bury 014D,5.63,24.42,9.94,4.81,19.84,97.35202492,13.59,1.99,12.14,0.39
E01005003,E01005003 : Bury 014E,5.52,20,4.11,57.56,48.75,92.80469897,13.15,1.93,12.01,0.3
E01004991,E01004991 : Bury 015A,5.81,24.02,2.85,48.32,33.05,92.60504202,13.58,2.12,11.76,0.4
E01004992,E01004992 : Bury 015B,6.43,23.28,3.15,62.62,38.49,92.57503949,14.03,2.12,12.17,0.35
E01004993,E01004993 : Bury 015C,6.12,29.12,35.9,15.64,26.96,94.99358151,13.92,2.2,11.97,0.37
E01004994,E01004994 : Bury 015D,5.37,23.52,5.77,56.95,54.87,89.62962963,13.65,2.07,11.91,0.39
E01004990,E01004990 : Bury 016A,5.9,21.66,4.95,40.54,40.75,92.49249249,13.79,2.01,12.21,0.38
E01004996,E01004996 : Bury 016B,9.67,19.24,1.32,52.19,66.23,91.67767503,13.72,2.02,11.88,0.29
E01005004,E01005004 : Bury 016C,10.07,16.9,7.25,20.12,73.59,89.91793669,13.44,1.97,12.1,0.5
E01005008,E01005008 : Bury 016D,7.76,23.78,8.54,55.74,63.96,90.21052632,13.84,2,12.27,0.3
E01005009,E01005009 : Bury 016E,8.65,23.17,6.48,41.55,65.31,93.2792584,14.15,2.11,12.29,0.26
E01004945,E01004945 : Bury 017A,2.93,33.36,31.35,11.47,13.98,98.92307692,16.9,2.17,13.85,0.45
E01005055,E01005055 : Bury 017B,3.79,36.22,16.78,2.4,11.66,98.28767123,15.34,2.18,12.66,0.37
E01005056,E01005056 : Bury 017C,3.79,33.7,39.8,12.04,13.09,98.49246231,16.63,2.17,13.35,0.42
E01005057,E01005057 : Bury 017D,4.26,31.67,47.23,17.09,24.59,97.1641791,15.31,2.43,12.79,0.5
E01005058,E01005058 : Bury 017E,5.18,39.41,45.95,0.81,7.07,98.17813765,16.62,2.2,12.95,0.4
E01004995,E01004995 : Bury 018A,3.16,23.73,15.29,17.43,11.06,96.61538462,13.98,1.99,12.49,0.44
E01005010,E01005010 : Bury 018B,4.13,31.09,30.26,24.42,19.75,95.24539877,15.13,2,13.08,0.5
E01005012,E01005012 : Bury 018C,7.2,29.33,10.34,18.48,48.45,93.41085271,14.02,2.02,12.64,0.54
E01005013,E01005013 : Bury 018D,7.51,29.05,12.97,28.49,48.67,93.50393701,13.76,2.01,12.63,0.42
E01004984,E01004984 : Bury 019A,4.71,40.88,37.8,6.79,15.56,98.07692308,15.94,2.51,13.11,0.43
E01004985,E01004985 : Bury 019B,2.09,46.13,74.92,3.2,10.94,98.83138564,16.49,2.26,13.3,0.49
E01004989,E01004989 : Bury 019C,3.26,45.65,33.57,11.07,15.29,98.95104895,14.62,2.05,12.67,0.45
E01005007,E01005007 : Bury 019D,3.89,34.27,18.88,23.32,22.29,97.56446991,14.6,2.16,12.45,0.43
E01005011,E01005011 : Bury 019E,4.34,45.79,13.38,26.59,14.45,97.66666667,14.41,2.04,12.67,0.43
E01004983,E01004983 : Bury 020A,5.28,39.3,10.44,7.08,32.28,97.54385965,16.81,2.13,13.94,0.36
E01004986,E01004986 : Bury 020B,3.77,40.83,5.12,41.34,40.44,96.34591961,16.55,2.33,13.38,0.37
E01004987,E01004987 : Bury 020C,6.29,23,3.79,33.48,60.24,96.81335357,16.23,2.17,12.88,0.55
E01004988,E01004988 : Bury 020D,3.89,32.64,10.54,43.29,27.75,97.12460064,16.97,2.1,13.41,0.45
E01004941,E01004941 : Bury 021A,6.17,24.97,4.36,44.25,43.65,95.37648613,18.88,2.13,14.51,0.49
E01004942,E01004942 : Bury 021B,10.58,24.04,2.5,52.58,69.22,88.16199377,17.61,2.11,13.65,0.5
E01004943,E01004943 : Bury 021C,5.56,33.88,6.93,20.65,36.9,94.64788732,16.57,2.09,14.07,0.41
E01004944,E01004944 : Bury 021D,3.73,36.24,21.39,10.94,13.02,98.25396825,18.88,2.13,14.77,0.4
E01004946,E01004946 : Bury 021E,8.85,19.13,2.57,41.7,67.95,94.34447301,18.88,2.13,14.51,0.52
E01004969,E01004969 : Bury 022A,7.64,28.75,13.26,14.1,33.57,94.1011236,16.99,1.97,14.11,0.53
E01004970,E01004970 : Bury 022B,4.6,37.48,13.53,1.49,12.23,98.51729819,17.32,2.1,14.77,0.39
E01004971,E01004971 : Bury 022C,4.04,38.62,11,5.83,8.83,98.5,17.84,2.11,14.77,0.4
E01005034,E01005034 : Bury 022D,4.82,47.71,14.51,18.45,19.47,98.17671809,16.65,2.15,14.15,0.28
E01004972,E01004972 : Bury 023A,8.56,25.83,3.17,44.72,48.59,90.12345679,15.76,2.06,14.77,0.46
E01004973,E01004973 : Bury 023B,4.01,44.4,11.33,28.94,20.89,96.62058372,15.76,2.06,14.77,0.38
E01004975,E01004975 : Bury 023C,6.13,45.86,4.29,44.08,44.73,89.85695709,15.4,2.08,13.77,0.39
E01005039,E01005039 : Bury 023D,5.13,34.37,2.19,31.24,46.5,91.55749636,15.05,2.09,12.77,0.5
E01005045,E01005045 : Bury 023E,5.56,43.85,3.73,38.95,25.48,96.9571231,15.05,2.09,12.77,0.43
E01004974,E01004974 : Bury 024A,4.47,46.47,15.14,10.15,15.97,97.33333333,15.4,2.08,13.77,0.46
E01005033,E01005033 : Bury 024B,3.94,41.52,24.66,7.89,27.9,94.95798319,15.01,2.13,12.64,0.43
E01005036,E01005036 : Bury 024C,6.97,41.61,6.53,10.45,66.07,94.28838951,15.73,2.13,13.38,0.39
E01005037,E01005037 : Bury 024D,2.69,42.5,18.23,0.95,17.56,97.3015873,15.22,2.14,12.62,0.46
E01005031,E01005031 : Bury 025A,6.35,28.75,5.83,31.02,37.95,92.95774648,15.36,2.15,12.57,0.51
E01005032,E01005032 : Bury 025B,8.93,29.16,7.69,18.96,57.07,92.30769231,16.49,2.56,12.81,0.55
E01005035,E01005035 : Bury 025C,4.49,51.15,6.28,35.22,22.05,96.95121951,16.24,2.37,13.24,0.56
E01005038,E01005038 : Bury 025D,3.19,48.72,42.75,4.96,8.03,98.28244275,15.36,2.15,12.67,0.44
E01005040,E01005040 : Bury 026A,4.63,42.04,11.29,4.92,29.28,95.65846599,15.7,2.06,13.07,0.43
E01005041,E01005041 : Bury 026B,3.63,43.37,32.95,0.19,18.63,94.46564885,15.99,2.11,13.08,0.45
E01005042,E01005042 : Bury 026C,4.12,38.15,13.87,8.65,24.59,95.27687296,15.08,2.12,12.67,0.46
E01005043,E01005043 : Bury 026D,4.67,36.33,16.09,1.43,24.9,92.65306122,15.95,2.14,12.98,0.42
E01005044,E01005044 : Bury 026E,5.85,25.96,4,6.74,44.63,85.47368421,15.12,2.14,12.58,0.3
E01005659,E01005659 : Salford 001A,8.17,17.75,4.31,37.64,50.08,91.58730159,12.97,2.02,12.07,0.44
E01005660,E01005660 : Salford 001B,10.26,18.41,5.21,41.23,73.91,92.08731241,13.2,2.03,12.12,0.42
E01005663,E01005663 : Salford 001C,5.45,29.42,14.16,32.04,52.09,94.19642857,12.12,1.79,11.75,0.45
E01005664,E01005664 : Salford 001D,11.29,21.1,4.98,46.62,72.1,88.4057971,14.29,2.27,12.49,0.46
E01005665,E01005665 : Salford 001E,15.88,19.14,2.09,33.37,80.64,87.19211823,14.29,2.27,12.49,0.45
E01005703,E01005703 : Salford 002A,12.35,17.49,3.05,35.46,68.44,90.43824701,14.6,1.99,12.83,0.5
E01005704,E01005704 : Salford 002B,7.18,20.04,4.77,41.74,34.8,93.88794567,13.34,2.02,12.22,0.39
E01005706,E01005706 : Salford 002C,7.63,18.64,2.58,43.55,52.21,93.1402439,14.6,1.99,12.83,0.45
E01005708,E01005708 : Salford 002D,6.97,24.28,4.42,35.36,55.52,94.75138122,13.57,1.85,12.35,0.28
E01005702,E01005702 : Salford 003A,6.6,29.88,13.64,29.28,43.83,94.93006993,15.75,2.04,13.55,0.38
E01005707,E01005707 : Salford 003C,8.33,22.31,4.05,41.91,62.45,92.17731421,15.96,1.97,13.67,0.46
E01033976,E01033976 : Salford 003D,5.7,44.73,29.46,24.63,27.35,98.26732673,16.77,1.89,13.85,0.35
E01033977,E01033977 : Salford 003E,7.93,24.81,3.89,33.52,52.79,96.2962963,15.16,1.9,13.04,0.39
E01005661,E01005661 : Salford 004A,7.93,24.25,14.29,29.23,51.32,94.71598415,12.39,1.83,11.85,0.49
E01005662,E01005662 : Salford 004B,11.28,17.12,4.7,41.22,75.79,90.07874016,12.27,1.9,11.91,0.51
E01005709,E01005709 : Salford 004C,7.17,20.39,3.82,31.48,66.83,91.57392687,12.81,1.87,12.05,0.44
E01005710,E01005710 : Salford 004D,3.7,38.77,34.29,11.31,20.1,96.91577699,13.85,1.89,12.45,0.47
E01005670,E01005670 : Salford 005A,6.61,27.21,3.54,22.2,60.64,87.48466258,16.97,2.42,13.36,0.4
E01005672,E01005672 : Salford 005B,4.76,30.77,9.82,62.52,40.75,94.75409836,16.57,2.31,13.19,0.24
E01005676,E01005676 : Salford 005C,3.27,25.74,19.93,1.09,12.84,97.64065336,18.55,1.92,13.99,0.41
E01005677,E01005677 : Salford 005D,5.11,26.31,9.68,13.49,29.66,93.68575624,17.48,2.17,13.69,0.41
E01005686,E01005686 : Salford 006A,5.16,25.5,2.84,48.11,39.27,91.16719243,17.38,2.1,13.61,0.3
E01005688,E01005688 : Salford 006B,5.84,25.84,4.59,20.83,29.75,95.08448541,17.1,2.26,14.07,0.39
E01005691,E01005691 : Salford 006C,5.47,23.38,5.69,8.68,22.14,97.0282318,17.68,2,14.13,0.43
E01005692,E01005692 : Salford 006D,7.84,22.28,0.69,28.02,68.22,94.38356164,16.94,2.3,13.73,0.37
E01005711,E01005711 : Salford 007A,6.15,27.7,18.31,30.73,20.7,96.01910828,16.56,1.84,13.57,0.44
E01005712,E01005712 : Salford 007B,6.02,29.58,2.38,34.4,52.08,96.19952494,15.18,1.88,13.05,0.35
E01005713,E01005713 : Salford 007C,3.3,37.21,15.93,11.95,12,98.57954545,13.99,2.06,12.54,0.39
E01005714,E01005714 : Salford 007D,6.31,34.08,7.73,10.01,39.77,94.55587393,17.54,1.79,13.82,0.47
E01005715,E01005715 : Salford 007E,3.85,43.12,16.03,18.81,19.02,98.14323607,15.82,1.87,13.1,0.47
E01005718,E01005718 : Salford 007F,4.21,31.12,17.86,32.08,38.11,97.10327456,13.97,1.87,12.48,0.44
E01005673,E01005673 : Salford 008A,4.28,29.41,9.08,31.01,38.39,97.26858877,17.17,2.59,13.19,0.43
E01005678,E01005678 : Salford 008C,7.88,22.34,2.63,26.74,56.55,85.7805255,16.1,2.38,13.01,0.45
E01005679,E01005679 : Salford 008D,8.21,21.59,4.85,13.64,65.86,84.74320242,16.61,2.39,13.05,0.46
E01033978,E01033978 : Salford 008E,6.2,39.79,32.51,19.46,32.27,97.28395062,17.11,2.67,13.11,0.43
E01033979,E01033979 : Salford 008F,15.91,24.55,30.98,26.71,29.7,96.58119658,17.49,2.63,13.16,0.36
E01005687,E01005687 : Salford 009A,4.25,27.97,11.43,43.24,38.05,95.0799508,17.44,1.98,13.72,0.34
E01005689,E01005689 : Salford 009B,11.39,25.42,3.04,16.89,65.34,90.32258065,16.96,2.08,13.44,0.46
E01005690,E01005690 : Salford 009C,5.28,28.95,6.8,30.82,29.19,97.68115942,16.28,2.11,13.23,0.34
E01005693,E01005693 : Salford 009D,3.96,27.44,3.16,59.97,23.02,95.41864139,17.38,2.1,13.66,0.32
E01005646,E01005646 : Salford 010A,3.07,24.57,22.14,5.99,49.55,81.30671506,17.24,2.2,13.48,0.51
E01005649,E01005649 : Salford 010B,3.55,34.78,15.33,8.82,46.83,93.01242236,16.79,2.2,13.26,0.58
E01005650,E01005650 : Salford 010C,9.13,22.57,11.06,19.91,68.35,83.38607595,17.89,2.32,13.53,0.51
E01005651,E01005651 : Salford 010D,6.41,19.75,18.95,13,54.51,78.33935018,17.29,2.23,13.43,0.42
E01005647,E01005647 : Salford 011A,5.82,34.82,9,3.38,48.72,92.46794872,15.64,2.2,12.77,0.59
E01005648,E01005648 : Salford 011B,5.86,42.37,21.74,11.85,42.09,95.2195122,16.83,2.47,13.09,0.54
E01005652,E01005652 : Salford 011C,7.04,25.98,9.68,25.35,45.87,94.71830986,18.11,3.25,13.04,0.47
E01005653,E01005653 : Salford 011D,10.09,26.41,5.4,45.03,70.99,89.2074199,18.49,2.94,13.41,0.47
E01005671,E01005671 : Salford 012A,5.38,24.94,2.91,40.82,52.58,94.17989418,16.57,2.31,13.19,0.31
E01005674,E01005674 : Salford 012B,3.99,28.15,4.34,24.12,36.33,95.33762058,16.32,2.26,13.09,0.46
E01005694,E01005694 : Salford 012C,3.67,30.77,10.84,4.34,21.92,96.95652174,16.91,2.4,13.3,0.36
E01005696,E01005696 : Salford 012D,4.99,38.8,11.19,20.56,24.75,96.36871508,17.16,2.23,13.56,0.35
E01005698,E01005698 : Salford 012E,8.09,22.51,3.59,14.51,68.17,91.90231362,16.53,2.29,13.18,0.45
E01005700,E01005700 : Salford 012F,3.9,29.93,10.37,28.35,35.73,94.52887538,16.5,2.25,13.16,0.41
E01005716,E01005716 : Salford 013A,4.1,42.85,63.69,8.93,13.06,97.91666667,13.73,2.1,12.47,0.49
E01005717,E01005717 : Salford 013B,3.38,50.82,81.67,3.38,9.64,98.22695035,14.15,2.09,12.6,0.49
E01005734,E01005734 : Salford 013C,4.28,31.35,15.02,21.73,30.88,97.76,13.32,2.27,12.03,0.43
E01005735,E01005735 : Salford 013D,3.92,34.53,18.29,3.02,9.72,96.82274247,13.32,2.27,12.03,0.4
E01005736,E01005736 : Salford 013E,4.31,34.21,24.8,24.32,16.32,99.36,13.51,2.48,12.1,0.38
E01005737,E01005737 : Salford 013F,3.65,44.61,62.88,7.12,6.94,98.98477157,13.43,1.99,11.88,0.56
E01005739,E01005739 : Salford 013G,3.56,46.62,59.46,17.77,12.13,97.69820972,12.28,2.34,11.14,0.47
E01005695,E01005695 : Salford 014A,2.66,43.73,36.15,7.96,10.7,98.4,18.2,2.19,14.02,0.49
E01005697,E01005697 : Salford 014B,4.8,37.95,7.08,17.38,16.69,99.22958398,16.78,2.12,13.48,0.4
E01005738,E01005738 : Salford 014C,2.71,44.29,27.13,16.55,15.92,98.41269841,16.23,1.94,12.93,0.5
E01005740,E01005740 : Salford 014D,2.84,46.31,10.57,18,20.8,98.71428571,19.06,1.78,13.97,0.55
E01005741,E01005741 : Salford 014E,3.38,49,39.27,7.59,15.06,98.5380117,16.86,1.98,13.45,0.5
E01005742,E01005742 : Salford 014F,3.77,39.29,9.49,15.36,18.22,99.09638554,17.69,1.98,13.71,0.39
E01005625,E01005625 : Salford 015A,4.34,30.04,9.88,0.33,25.08,93.23432343,17.75,2.99,12.72,0.37
E01005627,E01005627 : Salford 015B,3.09,31.3,4.63,9.26,16.53,96.64570231,18.44,2.92,13.1,0.35
E01005699,E01005699 : Salford 015C,4.74,27.3,11.35,5.15,13.4,97.6284585,17.22,2.5,13.32,0.33
E01005701,E01005701 : Salford 015D,3.58,30.96,26.98,7.37,17.6,97.62569832,17.02,2.49,13.17,0.39
E01005624,E01005624 : Salford 017A,8.38,24.87,4.53,8.52,57.69,89.45205479,18.56,2.76,13.47,0.39
E01005680,E01005680 : Salford 017B,9.86,21.33,2.9,17.13,79.32,91.66666667,19.13,2.76,13.73,0.32
E01005683,E01005683 : Salford 017C,12.03,22.8,4.97,49.89,74.18,92.0993228,19.3,2.7,13.89,0.31
E01033980,E01033980 : Salford 017G,16.67,30.47,4.43,58.04,64.55,89.27738928,18.25,2.63,13.5,0.19
E01033981,E01033981 : Salford 017H,21.86,24.84,4.19,56.89,77.88,83.17503392,19.36,2.49,14.21,0.3
E01005622,E01005622 : Salford 018A,7,40.17,1.5,72.6,44.38,89.67065868,18.45,2.74,13.47,0.27
E01005623,E01005623 : Salford 018B,5.3,40.15,3.85,28.8,18.7,97.35772358,18.97,2.83,13.47,0.31
E01005626,E01005626 : Salford 018C,1.34,29.69,12.57,2.13,11.22,98.83945841,18.44,2.92,13.1,0.39
E01005628,E01005628 : Salford 018D,8.57,35.63,12.67,27,39.03,96.3800905,19.18,2.88,13.47,0.42
E01005725,E01005725 : Salford 019A,9.56,18.48,2.51,38.35,66.79,89.53068592,18.11,2.24,13.81,0.45
E01005726,E01005726 : Salford 019B,5.25,28.03,8.93,40.91,40.33,96.1038961,18.11,2.24,13.52,0.39
E01005727,E01005727 : Salford 019C,6.16,35.87,5.26,40.34,44.75,95.84615385,18.11,2.24,13.81,0.36
E01005728,E01005728 : Salford 019D,4.39,31.74,10.75,17.3,18.4,98.16272966,18.11,2.24,13.46,0.36
E01005733,E01005733 : Salford 019E,6.49,24.22,4.65,7.88,51.92,87.44939271,16.86,2.07,13.21,0.45
E01005631,E01005631 : Salford 020A,9.2,27.14,2.11,2.78,84.85,95.10556622,18.7,2.99,13.14,0.38
E01005632,E01005632 : Salford 020B,5.4,42.14,7.82,28.21,43.28,95.68345324,17.68,2.35,13.19,0.3
E01005633,E01005633 : Salford 020C,6.15,26.46,2.8,31.8,44.21,94.38016529,17.54,2.69,13.17,0.51
E01005634,E01005634 : Salford 020D,3.46,51.56,23.27,14.56,11.71,98.64864865,17.76,2.29,13.89,0.4
E01005635,E01005635 : Salford 020E,4.36,46.39,17.67,7.22,41.18,93.68575624,18.7,2.99,13.14,0.43
E01005636,E01005636 : Salford 020F,3.83,48.09,30.17,4.53,32.24,97.72727273,17.54,2.39,13.35,0.6
E01005637,E01005637 : Salford 020G,3.21,40.49,4.74,48.93,37.99,95.74468085,18.11,2.24,14.11,0.32
E01005629,E01005629 : Salford 021A,5.19,39.02,10.42,12.5,32.84,95.69093611,19.12,2.86,13.47,0.41
E01005630,E01005630 : Salford 021B,4.5,37.31,2.16,51.16,31.22,95.67901235,19.45,3.26,13.1,0.46
E01005719,E01005719 : Salford 021C,9.7,41.33,2.37,12.27,70.92,92.68051434,20.31,3.38,13.38,0.45
E01005722,E01005722 : Salford 021E,8.54,31.17,5.03,37.48,58.87,93.71069182,20.48,3.24,13.44,0.48
E01005723,E01005723 : Salford 021F,7.69,26.67,1.99,50.92,68.71,92.20183486,18.71,2.81,13.53,0.28
E01005724,E01005724 : Salford 021G,4.85,35.86,7.56,2.83,24.69,98.42767296,19.11,3.53,12.72,0.46
E01033982,E01033982 : Salford 021H,10.21,27.95,2.89,38.42,60.79,91.02902375,20.26,3.17,13.45,0.32
E01033983,E01033983 : Salford 021I,10.31,41.84,0.63,21.13,87.03,93.90625,19.97,3.17,13.74,0.22
E01005654,E01005654 : Salford 023A,8.68,47.71,3.58,76.25,58.57,93.94594595,18.6,2.88,13.4,0.24
E01005656,E01005656 : Salford 023B,9.4,28.49,3.78,74.27,62.29,92.58741259,19.21,2.95,13.44,0.22
E01005657,E01005657 : Salford 023C,10.73,30.26,3.47,60.53,59.95,89.69210174,19.21,2.95,13.44,0.23
E01005721,E01005721 : Salford 023D,9.78,28.36,3.44,14.92,53.57,85.11450382,19.84,3.1,13.44,0.48
E01005681,E01005681 : Salford 024C,27.06,20.16,1.63,23.77,90,92.34972678,18.96,2.49,14.31,0.35
E01005682,E01005682 : Salford 024D,16.01,26.6,1.11,0.9,95.37,93.46733668,19.08,2.72,13.87,0.38
E01033984,E01033984 : Salford 024E,10.83,31.39,3.61,46.14,80.52,89.95983936,18.91,2.8,13.66,0.33
E01005729,E01005729 : Salford 025A,10.11,24.06,2.45,26.16,85.18,90.97938144,18.11,2.24,13.11,0.46
E01005730,E01005730 : Salford 025B,5.97,28.79,8.05,29.47,31.37,96.43835616,16.52,2.15,12.99,0.4
E01005731,E01005731 : Salford 025C,9.65,22.32,2.93,30.46,58.35,93.62068966,14.92,1.99,13.11,0.5
E01005732,E01005732 : Salford 025D,9.12,23.63,5.68,29.12,56.04,96.33699634,14.48,1.95,13.16,0.48
E01005599,E01005599 : Salford 026A,13.27,25.36,2.63,27.57,68.04,88.5583524,18.92,2.68,13.42,0.26
E01005600,E01005600 : Salford 026B,4.69,37.69,9.82,41.42,45.71,95.26493799,17.45,2.31,13.54,0.3
E01005601,E01005601 : Salford 026C,10.78,20.24,2.65,53.68,62.39,92.89940828,16.88,2.24,13.26,0.34
E01005602,E01005602 : Salford 026D,9.02,22.63,2.58,16.85,77.03,95.73033708,17.45,2.31,13.54,0.4
E01005603,E01005603 : Salford 027A,5.08,28.79,3.34,65.91,57.39,91.3448735,16.21,2.12,13.13,0.26
E01005604,E01005604 : Salford 027B,6.18,26.2,3.58,34.39,35.21,95.0617284,14.3,1.99,13.15,0.41
E01005605,E01005605 : Salford 027C,5.92,25.88,2.31,63.09,45.59,96.60786974,13.91,1.98,13.15,0.27
E01005638,E01005638 : Salford 027D,4.97,29.73,4.52,40.49,68.28,91.66666667,17.83,2.32,13.17,0.3
E01005639,E01005639 : Salford 029A,12.69,15.39,2.99,69.24,76.23,89.61267606,13.6,1.92,13.37,0.47
E01005640,E01005640 : Salford 029B,8.57,16.47,3.4,19.85,50.94,93.38374291,13.39,1.98,13.69,0.52
E01005641,E01005641 : Salford 029C,7.13,17.88,4.02,9.97,46.6,88.83495146,13.24,2.2,13.54,0.4
E01005642,E01005642 : Salford 029D,2.81,22.84,28.26,25.3,17.75,97.22772277,13.3,2.22,12.97,0.38
E01005643,E01005643 : Salford 029E,6.01,23.33,11.26,10.36,22.86,98.1981982,12.49,1.93,12.55,0.4
E01005644,E01005644 : Salford 029F,3.64,26.39,9.69,44.01,17.93,98.52459016,13.21,2.36,12.43,0.35
E01005645,E01005645 : Salford 029G,3.5,23.48,16.72,3.89,12.01,98.30795262,13.41,2.19,13.4,0.4
E01005616,E01005616 : Salford 030A,7.97,18.56,5.4,17.18,46.15,96.72667758,10.35,2.08,12.54,0.49
E01005617,E01005617 : Salford 030B,5.31,21.99,15.37,27.11,26.16,96.36363636,11.36,2.15,12.5,0.47
E01005618,E01005618 : Salford 030C,4.67,27.2,16.19,27.13,42.84,96.50273224,11.45,2.34,12.15,0.38
E01005619,E01005619 : Salford 030D,6.77,19.7,11.48,28.4,34.31,96.51837524,10.62,2.17,12.06,0.43
E01005620,E01005620 : Salford 030E,4.06,31.11,18.67,25.24,33.21,97.13740458,13.18,2.4,12.93,0.36
E01005621,E01005621 : Salford 030F,4.94,25.33,15.67,30.45,53.06,95.66878981,11.55,2.06,12.34,0.42
E01005613,E01005613 : Salford 031A,19.19,20.31,7.48,28.02,84.12,80.81918082,19.07,2.27,13.63,0.37
E01005612,E01005612 : Salford 031B,11.15,22.32,3.03,28.31,87.78,88.74172185,18.49,2.34,13.53,0.36
E01005614,E01005614 : Salford 031C,5.13,15.53,11.83,50.57,62.78,83.5483871,18.49,2.34,13.53,0.3
E01033985,E01033985 : Salford 032A,10.57,32.72,5.91,34.27,85.27,89.92592593,19.78,2.45,14.32,0.35
E01033986,E01033986 : Salford 032B,6.65,48.25,6.64,14.78,69.7,92.44712991,19.36,2.49,14.12,0.34
E01005611,E01005611 : Salford 032C,11.34,28.23,4.48,35.78,76.93,90.74427481,19.66,2.46,13.93,0.38
E01005615,E01005615 : Salford 032D,19.09,17.61,4.8,46.22,72.81,85.71428571,17.9,2.4,13.44,0.35
E01033987,E01033987 : Salford 033A,7.01,67.26,0.17,17.04,80.93,97.42268041,20.14,2.44,14.97,0.24
E01033988,E01033988 : Salford 033B,8.66,68.46,0.12,0.12,87.66,71.81926278,20.14,2.44,14.97,0.14
E01033989,E01033989 : Salford 033C,5.46,61.62,0.44,9.29,75.66,84.66076696,19.55,2.46,14.64,0.21
E01033990,E01033990 : Salford 033D,8.99,68.51,0.15,0.3,90.21,92.1686747,20.14,2.44,14.45,0.12
E01033330,E01033330 : Salford 033E,16.52,30.52,2.05,11.82,83.43,91.6464891,19.85,2.45,14.35,0.39
E01032909,E01032909 : Salford 033F,4.88,74.06,0.19,0.58,82.9,95.11025887,20.14,2.44,14.97,0.13
E01033991,E01033991 : Salford 034A,9.94,50.37,4.66,12.85,77.72,93.03797468,18.74,2.49,14.24,0.18
E01033992,E01033992 : Salford 034B,5.62,73.73,0.13,1.59,75.5,95.76719577,18.52,2.46,13.72,0.14
E01005610,E01005610 : Salford 034C,29.03,15.85,10.42,55.42,78.13,87.91666667,18.96,2.49,14.31,0.39
E01032684,E01032684 : Salford 034D,10.42,41.58,1.43,18.07,71.68,90.50632911,19.35,2.47,14.36,0.47
E01032906,E01032906 : Salford 034E,7.56,57.82,0.79,10.19,79.02,94.01934916,19.06,2.45,13.96,0.17
E01032914,E01032914 : Salford 035A,7.45,61.42,0.78,4.79,80.23,92.495637,18.34,2.59,13.56,0.28
E01032912,E01032912 : Salford 035B,11.03,35.36,4.62,34.6,81.11,91.88911704,18.47,2.61,13.48,0.27
E01005667,E01005667 : Salford 035C,9.49,35.19,3.01,45.1,79.84,91.46459748,18.66,2.54,13.61,0.36
E01033993,E01033993 : Salford 036A,6.74,61.44,0.79,9.55,82.51,95.0617284,18.52,2.46,13.72,0.26
E01033994,E01033994 : Salford 036B,6.21,70.51,0.31,0.16,87.62,93.40659341,18.72,2.43,13.35,0.24
E01032915,E01032915 : Salford 036C,7.65,43.25,3.07,29.84,83.62,91.76346357,18.84,2.54,13.35,0.35
E01033995,E01033995 : Salford 037A,7.56,70.04,0.42,0.56,86.82,89.67921897,17.49,2.36,13.41,0.18
E01033996,E01033996 : Salford 037B,5.71,66.23,0,2.55,79.6,91.23055163,17.49,2.36,13.41,0.08
E01033997,E01033997 : Salford 037C,9,70.76,0.16,6.26,82.75,62.98076923,18.23,2.51,13.33,0.17
E01033998,E01033998 : Salford 037D,5.92,70.74,0.53,4.01,84.09,93.31550802,18.23,2.51,13.33,0.15
E01033999,E01033999 : Salford 037E,8.46,79.7,0.3,2.4,82.16,91.75412294,18.97,2.66,13.26,0.18
E01005098,E01005098 : Manchester 001A,7.94,19.71,2.59,24.51,71.06,91.66666667,16,2.01,13.44,0.55
E01005099,E01005099 : Manchester 001B,12.33,21.13,4.2,35.02,75.11,88.15028902,15.4,2.14,14.06,0.5
E01005100,E01005100 : Manchester 001C,7.41,24.57,29.22,22.37,42.77,94.3597561,16.02,2.09,13.43,0.53
E01005102,E01005102 : Manchester 001D,6.95,23.63,2.87,53.11,32.27,95.19230769,17,2.09,13.16,0.41
E01005103,E01005103 : Manchester 001E,8.59,18.96,3.48,28.34,63.14,90.94076655,16.38,2.09,13.46,0.55
E01005101,E01005101 : Manchester 002A,7.99,21.63,5.64,26,57.2,91.88445667,15.64,2.07,13.92,0.5
E01005135,E01005135 : Manchester 002B,8.29,27.99,4.86,16.26,60.49,90.6870229,15.52,2.07,13.75,0.48
E01005136,E01005136 : Manchester 002C,6.99,24.9,9.74,6.33,40.65,96.42857143,15.87,2.1,13.59,0.5
E01005138,E01005138 : Manchester 002D,11.17,34.18,8.94,31.53,66.23,90.46184739,15.76,2.12,13.16,0.57
E01034107,E01034107 : Manchester 002F,8.68,31.88,6.06,39.9,44.13,91.58249158,16.54,2.15,13.37,0.35
E01034108,E01034108 : Manchester 002G,7.69,34.86,24.14,19.19,42.59,93.40101523,16.11,2.13,13.25,0.48
E01005139,E01005139 : Manchester 003B,6.5,28.79,6.27,21.28,42.63,93.73368146,15.18,2.06,13.01,0.47
E01005141,E01005141 : Manchester 003C,10.22,23.15,2.64,18.62,74.59,88.03526448,15.76,2.12,13.16,0.54
E01005251,E01005251 : Manchester 003D,7.69,22.06,3.13,20.31,57.48,93.23899371,15.72,2.15,13.01,0.42
E01005252,E01005252 : Manchester 003E,8.41,22.37,3.4,22.35,53.78,93.07189542,15.92,2.13,13.12,0.44
E01033685,E01033685 : Manchester 003F,6.82,34.43,28.35,10.87,46.68,96.19651347,15.73,2.12,13.03,0.36
E01033687,E01033687 : Manchester 003G,10.93,25.71,4.57,7.05,76.54,97.24047306,15.76,2.12,13.06,0.48
E01005104,E01005104 : Manchester 004A,9.01,31.64,3.55,29.41,72.16,87.3015873,16.93,2.1,13.3,0.59
E01005160,E01005160 : Manchester 004B,7.95,33.66,8.69,1.28,40.71,91.03840683,16.49,2.05,13.6,0.48
E01005161,E01005161 : Manchester 004C,8.06,29.15,4.24,52.73,35.51,84.6737481,16.63,2.12,13.48,0.48
E01005162,E01005162 : Manchester 004D,8.08,29.32,7.04,3.98,47.71,90.99236641,16.63,2.09,13.48,0.51
E01005163,E01005163 : Manchester 004E,7.28,29.88,5.52,8.59,39.14,86.67687596,16.97,2.14,13.59,0.44
E01005247,E01005247 : Manchester 005A,4.88,25.68,3.85,38.84,23.43,96.46869984,15.55,2.16,12.98,0.37
E01005248,E01005248 : Manchester 005B,5.37,27.26,15.9,8.72,17.29,96.06164384,15.8,2.14,13.09,0.46
E01005249,E01005249 : Manchester 005C,6.13,30.01,17.37,28.21,43.03,93.5840708,16.26,2.15,13.16,0.4
E01005250,E01005250 : Manchester 005D,10.84,22.29,7.62,28.38,54.4,84.64566929,15.44,2.06,13.01,0.43
E01005253,E01005253 : Manchester 005E,9.75,20.85,1.59,19.59,54.52,92.22222222,15.6,2.15,13.01,0.45
E01005254,E01005254 : Manchester 005F,5.29,26.5,6.39,42.05,25.89,96.73295455,15.75,2.24,13.01,0.36
E01005164,E01005164 : Manchester 006A,11.97,28,8.3,39.34,62.24,82.50319285,17.27,2.14,13.56,0.35
E01005205,E01005205 : Manchester 006B,12.5,24.01,4.35,45.08,78.35,87.64302059,16.96,2.15,13.33,0.39
E01005206,E01005206 : Manchester 006C,8.65,24.64,4.42,44.2,48.2,89.51724138,17.2,2.13,13.46,0.46
E01005207,E01005207 : Manchester 006D,12.69,25.58,6.27,55.5,60.08,88.33333333,16.74,2.15,13.21,0.29
E01005223,E01005223 : Manchester 007A,7.13,29.07,12.05,29.21,42.01,92.0661157,16.71,2.16,13.21,0.35
E01005224,E01005224 : Manchester 007B,13.71,31.41,10.3,45.97,64.87,84.73684211,16.83,2.15,13.2,0.3
E01005225,E01005225 : Manchester 007C,10.12,21.84,4.79,45.33,61.73,90.65420561,17.08,2.13,13.13,0.34
E01005226,E01005226 : Manchester 007D,10.63,25.15,7.56,58.35,60.2,87.12446352,16.83,2.15,13.2,0.21
E01005229,E01005229 : Manchester 007E,5.53,26.04,11.4,12.07,15.02,97.85478548,16.59,2.17,13.24,0.43
E01005145,E01005145 : Manchester 008A,13.38,28.65,7.49,41.86,58.99,78.70967742,19.07,2.27,13.63,0.29
E01005149,E01005149 : Manchester 008C,8.71,26.69,6.13,42.29,43.68,78.85375494,17.89,2.15,13.7,0.28
E01005165,E01005165 : Manchester 008D,13.65,28.59,4.3,15.84,76.98,75.16930023,17.43,2.15,13.65,0.42
E01005166,E01005166 : Manchester 008E,13.15,24.38,3.97,21.67,63.07,78.26704545,17.52,2.15,13.66,0.34
E01005167,E01005167 : Manchester 008F,11.38,29.55,6.03,32.54,59.68,82.6709062,17.27,2.14,13.56,0.36
E01034109,E01034109 : Manchester 008G,7.6,29.07,12.97,21.7,45.75,81.13207547,18.59,2.22,13.64,0.44
E01034110,E01034110 : Manchester 008H,9.06,30.59,8.44,41.36,56.82,82.43801653,18.99,2.3,13.63,0.39
E01005202,E01005202 : Manchester 009A,13.03,19.81,4.8,50.53,80.86,88.88888889,17.66,2.21,13.43,0.4
E01005203,E01005203 : Manchester 009B,15.5,26.8,6.19,35.63,85.2,87.47099768,18.41,2.27,13.49,0.5
E01005227,E01005227 : Manchester 009D,13.5,26.78,7.95,51.75,66.8,88.79892038,17.08,2.13,13.13,0.32
E01005228,E01005228 : Manchester 009E,10.14,27.52,7.39,43.67,75.48,88.12989922,17.86,2.22,13.34,0.5
E01033678,E01033678 : Manchester 009F,12.75,27.69,7.32,33.69,77.73,87.70864947,19.49,2.41,13.57,0.41
E01033679,E01033679 : Manchester 009G,12.57,24.28,6.02,30.64,85.71,91.01899827,20.96,2.51,14.29,0.5
E01005256,E01005256 : Manchester 011A,9.22,27.83,6.56,42.4,66.44,90.75309819,17.04,2.21,13.19,0.37
E01005257,E01005257 : Manchester 011B,9.41,24.79,4.6,36.15,74.81,88.58560794,18.12,2.28,13.34,0.25
E01005258,E01005258 : Manchester 011C,9.43,22.56,3.86,54.44,57.51,92.16944801,15.77,2.18,12.7,0.36
E01005259,E01005259 : Manchester 011D,11.25,18.65,3.96,57.52,74.5,91.24668435,16.69,2.23,12.92,0.35
E01005260,E01005260 : Manchester 011E,5.69,24.77,6.4,31.82,25.08,97.31543624,15.77,2.18,12.7,0.37
E01005093,E01005093 : Manchester 012A,13.2,23.45,7.04,26.25,67.55,82.23201175,16.82,2.22,13.11,0.35
E01005094,E01005094 : Manchester 012B,10.03,22.36,4.36,52.78,75.3,87.4811463,16.93,2.33,13.26,0.28
E01005097,E01005097 : Manchester 012C,12.58,24.58,6.31,19.23,76.39,86.44067797,17.08,2.23,13.13,0.47
E01005255,E01005255 : Manchester 012D,12.44,23.89,2.83,24.84,80.52,90.70967742,16.71,2.19,13.06,0.48
E01005261,E01005261 : Manchester 012E,8.91,24.59,3.86,24.22,70.92,86.9047619,16.93,2.22,13.07,0.45
E01005092,E01005092 : Manchester 015A,9.67,27.8,5.39,64.57,73.18,91.92307692,17.44,2.27,13.2,0.32
E01005105,E01005105 : Manchester 015C,9.22,44.11,8.49,36.43,62.12,93.26241135,18.53,2.28,13.43,0.32
E01005106,E01005106 : Manchester 015D,11.65,24.35,7.02,51.62,77.11,91.21245829,17.96,2.3,13.45,0.32
E01005107,E01005107 : Manchester 015E,12.44,24.34,4.3,38.31,75,85.23489933,17.66,2.3,13.41,0.37
E01033668,E01033668 : Manchester 015F,7.7,49.49,1.85,16.64,79.76,92.92929293,18.55,2.28,13.33,0.35
E01033669,E01033669 : Manchester 015G,9.71,23.94,4.04,45.81,77.43,92.28395062,18.55,2.28,13.33,0.36
E01005189,E01005189 : Manchester 017D,13.94,19.55,4.76,41.43,79.38,91.625,17.13,2.4,13.75,0.36
E01005190,E01005190 : Manchester 017E,9.24,22.99,4.9,50.43,62.41,88.82978723,17.12,2.41,13.52,0.26
E01034111,E01034111 : Manchester 017G,10.27,22.25,6.49,45.77,83.06,85.43165468,16.62,2.37,13.4,0.32
E01034112,E01034112 : Manchester 017H,10.01,28.14,10.5,43.11,59.32,89.35879945,17.12,2.41,13.55,0.26
E01034113,E01034113 : Manchester 017I,9.51,32.11,5.5,55.5,65.13,92.36234458,17.12,2.41,13.63,0.29
E01034114,E01034114 : Manchester 017J,7.99,35.34,2.74,46.85,36.03,89.28571429,16.38,2.38,13.37,0.28
E01005061,E01005061 : Manchester 018A,14.51,28.11,9.62,32.21,86.39,83.38414634,19.59,2.62,13.78,0.29
E01005063,E01005063 : Manchester 018C,11.22,37.07,5.11,54.65,75.46,88.72870249,19.59,2.62,13.88,0.3
E01005065,E01005065 : Manchester 018D,13,37.88,5.86,43.89,75.97,88.125,19.12,2.7,13.82,0.24
E01005066,E01005066 : Manchester 018E,19.32,43.63,4.53,18.7,83.69,89.34911243,17.86,2.54,14,0.29
E01034115,E01034115 : Manchester 018F,20.92,44,6.6,49.29,72.51,85.61320755,18.7,2.65,13.95,0.23
E01034116,E01034116 : Manchester 018G,10.23,50.9,4.09,48.56,69.4,89.90384615,20.37,2.86,13.85,0.28
E01005208,E01005208 : Manchester 019A,13.15,45.26,2.91,23.98,81.74,91.09900091,17,2.41,13.62,0.3
E01005210,E01005210 : Manchester 019C,36.91,23.67,5.37,21.48,90.36,85.49107143,17.86,2.54,13.62,0.27
E01005214,E01005214 : Manchester 019D,9.91,54.62,5.28,25.41,71.33,90.14227642,18.29,2.49,13.23,0.34
E01034117,E01034117 : Manchester 019E,27.95,36.07,0.63,7.82,91.77,89.14893617,17,2.49,13.7,0.3
E01034118,E01034118 : Manchester 019F,16.7,35.98,3.94,29.98,90.35,83.77192982,17,2.41,13.62,0.4
E01005067,E01005067 : Manchester 020A,9.03,34.46,10.52,34.53,67.16,90.29850746,18.63,2.33,13.82,0.28
E01005186,E01005186 : Manchester 020B,10.41,30.94,6.76,33.33,62.38,88.11787072,17.78,2.34,13.72,0.39
E01005232,E01005232 : Manchester 020C,10.98,28.43,10.04,24.19,61.76,81.92090395,17.75,2.29,13.71,0.32
E01005235,E01005235 : Manchester 020D,13.48,23.46,4.31,33.06,70.77,85.67454798,17.68,2.35,13.69,0.32
E01005239,E01005239 : Manchester 020E,14.65,24.68,5.25,50.64,77.28,84.10174881,18.31,2.46,13.8,0.35
E01005187,E01005187 : Manchester 021A,11.31,24.26,5.52,62.18,69.5,87.21624851,17.12,2.41,13.37,0.2
E01005188,E01005188 : Manchester 021B,6.66,22.35,6.58,27.16,40.88,91.35802469,16.38,2.38,13.34,0.36
E01005191,E01005191 : Manchester 021C,12.94,23.05,3.52,67.21,68.98,91.44654088,17.13,2.41,13.6,0.22
E01005192,E01005192 : Manchester 021D,8.19,27.31,7.79,34.85,42.94,92.35294118,16.45,2.37,13.44,0.36
E01005193,E01005193 : Manchester 021E,11.42,25.79,5.73,64.88,54.09,94.27148194,15.49,2.32,13.32,0.22
E01005230,E01005230 : Manchester 022B,15.64,35.2,3.15,20.34,78.61,80.76416337,16.37,2.41,13.74,0.34
E01005231,E01005231 : Manchester 022C,24.78,37.01,1.87,27.59,88.7,71.63323782,16.37,2.41,13.74,0.42
E01005236,E01005236 : Manchester 022D,16.46,31.81,2.72,50.14,77.51,78.47919656,16.37,2.41,13.74,0.25
E01005237,E01005237 : Manchester 022E,11.57,25.87,5.49,32.95,48.28,76,15.81,2.19,13.37,0.2
E01034119,E01034119 : Manchester 022H,22.17,29.42,4.2,33.9,88.24,80,17.65,2.48,13.75,0.31
E01005195,E01005195 : Manchester 023A,11.32,28.1,6.39,20.55,70.89,89.96579247,16.71,2.28,13.43,0.42
E01005197,E01005197 : Manchester 023C,15.67,22.31,2.96,49.08,69.07,90.08498584,16.59,2.38,13.6,0.35
E01005198,E01005198 : Manchester 023D,10.81,23.38,7.05,9.03,74.05,84.95077356,17.69,2.35,13.56,0.47
E01005201,E01005201 : Manchester 023E,16.17,26.81,7.12,58.02,81.38,84.22391858,17.68,2.35,13.69,0.22
E01034120,E01034120 : Manchester 023F,12.37,26.58,4.71,12.12,75.46,87.68971332,16.32,2.36,13.54,0.43
E01034121,E01034121 : Manchester 023G,9.73,40.93,9.82,18.97,60.44,87.75055679,15.57,2.26,13.2,0.41
E01005243,E01005243 : Manchester 024B,13.06,36.17,4.37,33.22,84.5,83.46456693,15.96,2.22,13.23,0.38
E01005245,E01005245 : Manchester 024C,15.92,29.35,9.38,46.04,87.24,81.58168574,16.13,2.27,13.62,0.41
E01005246,E01005246 : Manchester 024D,16.13,22.22,8.32,63.41,82.14,76.65782493,16.13,2.27,13.62,0.22
E01034122,E01034122 : Manchester 024E,12.7,34.03,10.83,60.51,77.83,80.25477707,16.13,2.27,13.47,0.18
E01034123,E01034123 : Manchester 024F,12.05,32.1,7.72,56.69,71.47,84.59119497,15.76,2.23,13.4,0.2
E01005244,E01005244 : Manchester 025C,24.62,30.75,6.26,59.26,82.16,84.15233415,16.57,2.47,13.74,0.24
E01005285,E01005285 : Manchester 025D,14.31,27.82,8.38,46.39,82.71,76.71232877,16.16,2.35,13.39,0.35
E01005288,E01005288 : Manchester 025E,18.15,32.72,5.6,56.19,79.59,80.67846608,16.16,2.35,13.39,0.26
E01034124,E01034124 : Manchester 025F,17.92,32.99,7.31,66.13,84.23,83.69175627,16.13,2.27,13.62,0.21
E01034125,E01034125 : Manchester 025G,14.31,33.59,7.8,71.14,86.31,77.87934186,16.13,2.27,13.4,0.17
E01034126,E01034126 : Manchester 025H,11.47,48.46,7.43,68.32,49.83,90.59405941,16.13,2.27,13.4,0.2
E01034127,E01034127 : Manchester 025I,11.2,46.68,3.73,78.47,54.59,93.03904924,16.13,2.27,13.17,0.27
E01005280,E01005280 : Manchester 026A,13.83,27.02,5.57,11.69,51.67,78.99628253,15.89,2.22,13.11,0.44
E01005281,E01005281 : Manchester 026B,27.28,19.69,3.59,4.16,76.37,86.5530303,15.66,2.19,13.21,0.52
E01005284,E01005284 : Manchester 026C,22.43,32.18,5.21,10.57,84.25,84.70948012,16.57,2.47,13.74,0.46
E01005286,E01005286 : Manchester 026D,13.42,41.21,3.01,29.23,73.37,80.23560209,16,2.31,13.37,0.41
E01005287,E01005287 : Manchester 026E,12.71,27.3,2.76,9.8,66.82,79.05198777,15.81,2.19,13.37,0.4
E01005297,E01005297 : Manchester 028A,9.34,50.05,5.49,17,51.43,89.12354805,15.31,2.13,12.96,0.48
E01005298,E01005298 : Manchester 028B,7.61,50.14,4.17,48.48,43.27,90.03215434,15.64,2.15,12.85,0.35
E01005302,E01005302 : Manchester 028C,7.13,55.57,1.69,4.38,72.54,87.76119403,15.64,2.15,12.85,0.57
E01033680,E01033680 : Manchester 028E,7.9,54.83,2.82,6.68,77.15,86.07407407,15.51,2.17,13.13,0.59
E01033686,E01033686 : Manchester 028F,6.95,53.05,3.4,13.58,65.02,89.9691358,15.51,2.17,13.13,0.55
E01005150,E01005150 : Manchester 029A,5.55,67.03,1.9,15.44,72.6,90.23809524,16.26,2.01,12.16,0.29
E01005151,E01005151 : Manchester 029B,5.63,59.45,3.56,6.55,50,89.91477273,16.82,1.98,12.76,0.54
E01005152,E01005152 : Manchester 029C,2.93,70.59,1.53,32.54,18.47,97.44897959,16.28,2.02,13.14,0.42
E01005159,E01005159 : Manchester 029D,3.33,67.06,3.51,40.41,32.6,97.80058651,15.18,2.07,12.58,0.39
E01005296,E01005296 : Manchester 029E,6.53,56.61,4.3,0.16,32.65,92.36883943,15.42,1.99,12.23,0.43
E01005299,E01005299 : Manchester 029F,5.69,47.84,3.67,18.53,23.16,92.6199262,15.33,2.1,12.73,0.39
E01005178,E01005178 : Manchester 030A,11.18,40.29,2.84,40.73,60.13,89.03924222,15.39,2.18,13.17,0.38
E01005179,E01005179 : Manchester 030B,8.01,54.47,3.7,11.33,57.64,90.76086957,14.65,2.09,13.17,0.51
E01005180,E01005180 : Manchester 030C,8.47,29.37,1.97,14.15,65.53,90.0131406,15.98,2.16,12.95,0.49
E01005181,E01005181 : Manchester 030D,6.42,45.75,14.26,14.41,45.41,91.5451895,14.38,2.01,12.56,0.49
E01005182,E01005182 : Manchester 030E,14.69,31.72,14.04,16.6,63.27,88.77118644,15.39,2.18,13.17,0.47
E01005183,E01005183 : Manchester 030F,11,27.08,2.64,16.74,61.02,90.41731066,15.51,2.12,12.97,0.49
E01005219,E01005219 : Manchester 031A,12.63,43.54,3.9,24.95,62.31,84.95670996,16.26,2.24,13.23,0.33
E01005220,E01005220 : Manchester 031B,6.31,39.4,4.55,69.08,47.79,87.11409396,15.72,2.2,13.3,0.26
E01005221,E01005221 : Manchester 031C,8.83,38.91,3.33,53.56,51.72,84.40366972,16.05,2.19,13.07,0.22
E01005222,E01005222 : Manchester 031D,7.78,39.81,2.97,61.32,56.75,91.10867179,15.59,2.21,13.11,0.26
E01005184,E01005184 : Manchester 032A,15.22,37.09,6.84,26.71,73.49,82.64781491,16.1,2.12,12.88,0.45
E01005185,E01005185 : Manchester 032B,28.85,17.44,1.76,47.27,91.39,71.62426614,15.91,2.1,12.8,0.4
E01005271,E01005271 : Manchester 032C,21.34,33.09,2.58,17.58,81.94,67.26094003,16.46,2.01,12.73,0.38
E01034128,E01034128 : Manchester 032F,20.42,25.84,2.81,42.86,58.16,82.65765766,15.71,2.14,12.84,0.37
E01005154,E01005154 : Manchester 033A,5.52,70.73,2.9,11.91,52.37,91.46341463,15.41,1.95,12.02,0.3
E01005156,E01005156 : Manchester 033B,2.55,70.2,1.44,48.8,28.37,95.66613162,15.52,1.89,11.74,0.44
E01005158,E01005158 : Manchester 033C,5.26,53.68,2.15,20.8,52.01,94.9784792,15.91,1.89,12.36,0.49
E01005300,E01005300 : Manchester 033D,6.56,47.48,8.75,1.46,19.38,95.625,14.65,2.04,12.64,0.43
E01005301,E01005301 : Manchester 033E,4.42,62.22,7.98,0.17,29.98,91.45299145,14.78,2.01,12.4,0.48
E01005118,E01005118 : Manchester 034A,9.49,31.99,2.31,8.61,38.95,91.13924051,15.13,2.14,12.62,0.34
E01005120,E01005120 : Manchester 034B,8.56,34.59,5.42,20.03,42.47,92.1686747,15.11,2.11,12.61,0.44
E01005215,E01005215 : Manchester 034C,11.1,36.2,1.38,22.96,43.65,87.07015131,15.44,2.24,12.78,0.34
E01005216,E01005216 : Manchester 034D,7.74,52.7,2.48,36.69,27.27,96.69966997,15.3,2.13,12.73,0.37
E01005217,E01005217 : Manchester 034E,5.33,42.63,6.88,7.59,20.09,93.56223176,15.3,2.13,12.73,0.36
E01005218,E01005218 : Manchester 034F,11.47,39.26,4.77,15.58,49.6,89.68253968,15.78,2.18,12.98,0.34
E01005270,E01005270 : Manchester 035A,9.19,33.67,3.49,25,64.29,91.26637555,16.46,2.01,12.78,0.54
E01005272,E01005272 : Manchester 035B,10.16,30.79,2.22,25.77,69.94,91.4919852,15.63,2.05,12.78,0.5
E01005273,E01005273 : Manchester 035C,15.67,36.75,2.02,42.5,74.54,81.11298482,16.46,2.01,12.73,0.39
E01005278,E01005278 : Manchester 035D,11.15,30.48,2.6,2.6,49.16,88.24626866,16.46,2.01,12.73,0.42
E01005279,E01005279 : Manchester 035E,8.3,40.84,5.25,20.51,59.05,92.89215686,14.98,1.98,12.43,0.56
E01005305,E01005305 : Manchester 036A,9.37,51.83,3.92,4.1,32.03,94.88054608,15.8,2.08,12.62,0.4
E01005309,E01005309 : Manchester 036B,16.05,38.99,3.15,4.73,82.42,76.78571429,16.46,2.01,12.68,0.49
E01005310,E01005310 : Manchester 036C,17.31,21.51,3.59,51.11,82.79,80.17094017,15.8,2.08,12.68,0.39
E01005311,E01005311 : Manchester 036D,14.26,42.65,2.12,31.32,53.56,89.6969697,15.8,2.08,12.62,0.3
E01005312,E01005312 : Manchester 036E,24.66,23.65,3.89,37.69,85.2,73.8317757,15.8,2.08,12.68,0.34
E01005082,E01005082 : Manchester 037A,5.82,43.54,4.27,20.16,53.05,95.07978723,15.96,1.87,13.05,0.53
E01005153,E01005153 : Manchester 037B,3.28,62.8,2.04,58.67,47.19,95.15306122,17.35,1.94,11.74,0.39
E01005155,E01005155 : Manchester 037C,1.95,69.97,2.4,55.26,27.01,97.00149925,17.35,1.94,12.38,0.44
E01005157,E01005157 : Manchester 037D,3.51,69.08,5.85,9.53,12.52,99.33110368,17.35,1.94,12.81,0.55
E01005274,E01005274 : Manchester 038A,7.88,44.35,3.88,27.3,60.11,91.67862267,15.9,2.04,12.78,0.45
E01005275,E01005275 : Manchester 038B,7.56,67.47,3.35,18.73,65.5,82.71144279,16.46,2.01,12.78,0.44
E01005276,E01005276 : Manchester 038C,7.6,64.72,1.79,22.64,57.79,89.43089431,16.46,2.01,12.78,0.52
E01005277,E01005277 : Manchester 038D,3.99,76.04,7.29,4.09,49.94,89.93630573,15.56,1.91,12.6,0.49
E01005076,E01005076 : Manchester 039A,4.27,73.55,1.62,8.12,68.24,91.19241192,15.99,1.95,12.93,0.49
E01005081,E01005081 : Manchester 039C,8.93,38.55,3.49,31.4,68.82,92.10866753,14.64,1.97,12.57,0.51
E01005083,E01005083 : Manchester 039D,3.49,76.42,4.69,11.99,63.57,85.37095089,15.84,1.93,12.99,0.45
E01033670,E01033670 : Manchester 039E,1.36,83.49,2.31,6.55,51.09,98.33333333,15.03,1.96,12.88,0.32
E01033671,E01033671 : Manchester 039F,2.85,73.12,1.57,50.85,45.47,94.18886199,15.63,2.05,12.78,0.38
E01005125,E01005125 : Manchester 040A,8.01,38.91,1.95,28.9,51.3,91.36807818,15.86,1.91,12.56,0.48
E01005304,E01005304 : Manchester 040B,9.5,42.78,6.97,4.7,65.82,85.41353383,16.46,2.01,12.7,0.51
E01005306,E01005306 : Manchester 040C,5.95,73.63,8.4,1.93,37.26,95.28432732,15.56,1.91,12.58,0.45
E01005307,E01005307 : Manchester 040D,7.92,53.6,3.09,17.84,47.89,92.83707865,16.46,2.01,12.67,0.41
E01005308,E01005308 : Manchester 040E,7.2,40.4,3.89,12.97,51.05,93.52750809,15.56,1.91,12.56,0.55
E01005119,E01005119 : Manchester 041A,7.81,26.12,3.28,10.9,55.97,90.73243647,15.8,2.02,12.56,0.48
E01005121,E01005121 : Manchester 041B,9.29,24.69,2.49,16.75,60.63,90.39735099,15.8,2.08,12.56,0.47
E01005122,E01005122 : Manchester 041C,7.89,29.27,1.39,10.37,49.3,89.95363215,15.1,2.1,12.59,0.49
E01005123,E01005123 : Manchester 041D,8.57,29.17,2.46,21.97,66.61,91.63934426,15.68,1.97,12.56,0.49
E01005124,E01005124 : Manchester 041E,10.86,30.34,3.42,15.9,64.08,90.63893016,15.8,2.02,12.56,0.47
E01005077,E01005077 : Manchester 042A,10.17,35.5,2.07,24.08,67.83,88.53503185,15.97,1.85,13.28,0.51
E01005078,E01005078 : Manchester 042B,4.33,67.76,7.1,3.73,61.9,91.81708785,16.58,1.89,13.43,0.61
E01005079,E01005079 : Manchester 042C,5.35,50.98,12.48,12.95,34.86,95.90551181,15.85,1.91,13.18,0.57
E01005084,E01005084 : Manchester 042D,4.94,48.54,2.57,25.55,46.67,95.69266589,15.59,1.91,13.02,0.53
E01005172,E01005172 : Manchester 043A,4,67.81,11.19,7.67,51.26,88.69346734,15.56,1.91,12.6,0.54
E01005173,E01005173 : Manchester 043B,2.52,70.63,20.08,21.47,34.99,94.4598338,16.69,1.91,13.35,0.59
E01005174,E01005174 : Manchester 043C,3.39,72.63,14.01,7.73,20.68,98.37925446,14.66,1.81,12.49,0.47
E01005175,E01005175 : Manchester 043D,4.42,61.37,1.46,14.31,37.48,95.46120059,16.05,1.83,13.01,0.43
E01005176,E01005176 : Manchester 043E,3.58,71.76,2.57,53.74,55.47,97.09821429,16.29,1.86,13.03,0.28
E01005177,E01005177 : Manchester 043F,3.52,63.24,4.35,17.1,32.9,98.86731392,15.84,1.88,12.76,0.43
E01005115,E01005115 : Manchester 044A,6.97,34.21,12.39,29.5,46.93,94.78371501,14.75,1.94,11.93,0.52
E01005262,E01005262 : Manchester 044B,5.43,33.74,13.79,30.14,56.71,95.0877193,14.7,1.9,11.94,0.52
E01005264,E01005264 : Manchester 044C,8.78,25.46,6,35.66,55.36,93.83116883,14.69,1.89,12.15,0.53
E01005265,E01005265 : Manchester 044D,9.09,28.37,7.34,30.5,60.09,94.09221902,14.69,1.89,12.15,0.53
E01005266,E01005266 : Manchester 044E,7.82,29.54,3.36,36.85,57.31,93.27731092,14.89,1.88,12.42,0.51
E01005126,E01005126 : Manchester 045A,5.7,50.68,3.24,6.48,30.47,97.26027397,16.65,1.87,13.05,0.37
E01005168,E01005168 : Manchester 045B,3.03,57.63,4.39,2.67,16.44,99.04942966,16.83,1.88,13.23,0.41
E01005169,E01005169 : Manchester 045C,2.38,66.81,15.53,6.68,17.62,98.65771812,16.96,1.95,12.92,0.49
E01005170,E01005170 : Manchester 045D,5.38,53.62,7.43,1.21,21.76,98.09688581,16.47,2,13,0.41
E01005171,E01005171 : Manchester 045E,4.99,54.2,5.44,1.29,33.33,95.57142857,16.95,1.95,12.86,0.35
E01005263,E01005263 : Manchester 046A,7.35,33.55,10.97,22.07,58.66,89.90024938,16.66,2,13.37,0.49
E01005267,E01005267 : Manchester 046B,4.92,41.91,10.63,25.73,26.46,97.08141321,15.39,1.88,12.96,0.57
E01005268,E01005268 : Manchester 046C,4.14,50.14,4.47,31.01,34.14,96.3619403,16.23,1.93,13.47,0.37
E01005269,E01005269 : Manchester 046D,4.71,36.53,22.91,3.27,22.6,97.71986971,15.68,1.96,13.25,0.49
E01005069,E01005069 : Manchester 047A,6.54,29.16,1.83,40.31,27.74,96.03658537,12.94,1.84,11.49,0.37
E01005111,E01005111 : Manchester 047B,5.79,25.31,4.11,48.52,47.37,94.72817133,14.09,1.94,11.79,0.53
E01005113,E01005113 : Manchester 047C,8.8,20.28,2.22,30.42,69.95,88.03945746,14.03,1.98,11.7,0.52
E01005114,E01005114 : Manchester 047D,3.3,43.02,33.95,11.76,22.21,97.54601227,13.66,1.95,11.77,0.56
E01005116,E01005116 : Manchester 047E,5.2,35.57,9.26,29.2,51.52,96.67673716,14.09,1.94,11.79,0.5
E01005071,E01005071 : Manchester 048A,7.02,23.31,1.77,36.43,56.79,92.50681199,14.3,1.89,12.02,0.46
E01005072,E01005072 : Manchester 048B,6.12,31.69,1.63,26.34,60.07,92.08381839,14.98,1.88,11.56,0.53
E01005073,E01005073 : Manchester 048C,5.66,28.38,27.82,6.55,26.51,97.05400982,15.78,1.94,12.82,0.52
E01005112,E01005112 : Manchester 048D,7.52,27.05,9.47,24.41,45.41,93.94387001,15.1,1.92,12.69,0.49
E01005117,E01005117 : Manchester 048E,10.69,24.61,6.47,25.28,76.13,92.19712526,14.95,1.95,12.25,0.5
E01005085,E01005085 : Manchester 049A,12.04,23.15,3.53,27.56,73.08,91.10738255,15.52,1.96,13.23,0.53
E01005086,E01005086 : Manchester 049B,11.07,19.57,3.85,30.77,74.64,91.31054131,15.08,1.96,12.65,0.5
E01005089,E01005089 : Manchester 049C,11.32,20.57,8.61,27.55,76.4,91.67862267,15.69,1.98,12.67,0.48
E01005289,E01005289 : Manchester 049D,9.7,17.1,3.07,16.22,73.08,93.2311622,14.94,2,11.94,0.47
E01005295,E01005295 : Manchester 049E,5.19,41.09,11.38,22.59,49.17,95.61787905,15.56,2,12.94,0.41
E01005087,E01005087 : Manchester 050A,9.88,21.63,4.49,22.72,80.82,90.53549191,15.95,1.93,12.79,0.52
E01005088,E01005088 : Manchester 050B,9.61,18.48,3.31,38.21,79.37,90.63360882,16.3,1.93,12.8,0.46
E01005090,E01005090 : Manchester 050C,13.41,19.91,2.91,29.07,75.64,90.47619048,17.35,1.94,13.2,0.48
E01005091,E01005091 : Manchester 050D,8.78,24.68,6.96,25.11,83.24,93.47826087,16.3,1.99,12.69,0.47
E01005291,E01005291 : Manchester 050E,9.94,19.18,2.06,13.8,75.18,91.9236417,16.3,1.99,11.89,0.48
E01005068,E01005068 : Manchester 051A,7.2,23.2,2.9,38.45,58.67,94.74412172,14.59,1.79,12.47,0.5
E01005070,E01005070 : Manchester 051B,7.87,27.67,1.99,19.55,72.32,92.15442092,14.17,1.84,12.1,0.44
E01005074,E01005074 : Manchester 051C,7.13,20.99,5.73,15.79,59.1,93.03405573,16.16,1.91,12.19,0.51
E01005075,E01005075 : Manchester 051D,5.96,25.12,7.42,30.42,59.76,92.14814815,13.21,1.73,12.54,0.48
E01005319,E01005319 : Manchester 051E,7.79,23.26,3.36,40.27,61.34,91.39664804,17.35,1.94,12.23,0.49
E01005290,E01005290 : Manchester 052A,10.08,20.02,5.24,28.97,64.96,93.70424597,15.25,2.05,11.81,0.47
E01005292,E01005292 : Manchester 052B,11.1,20.76,3.29,42.51,69.7,94.91778774,14.62,1.98,11.29,0.5
E01005293,E01005293 : Manchester 052C,3.88,24.06,3.9,39.18,24.95,98.25581395,16.3,1.99,11.89,0.43
E01005294,E01005294 : Manchester 052D,5.97,31.87,24.53,14.53,27.27,97.49216301,14.87,1.98,10.92,0.5
E01005317,E01005317 : Manchester 052E,6.83,26.24,6.63,25,56.43,92.92709467,14.82,1.94,10.82,0.48
E01005313,E01005313 : Manchester 053A,9.49,16.87,2.16,41.46,59.97,92.05298013,16.82,1.97,11.76,0.51
E01005314,E01005314 : Manchester 053B,8.09,20.1,2.85,42.25,58.81,90.10989011,18.52,2.16,11.12,0.48
E01005315,E01005315 : Manchester 053C,10.17,19.23,2.83,31.33,72.2,94.71744472,18.13,2.09,11.17,0.49
E01005316,E01005316 : Manchester 053D,7.51,27.22,13.17,34.73,56.81,93.93063584,12.25,1.72,10.79,0.14
E01005318,E01005318 : Manchester 053E,7.61,20.53,1.78,40.33,59.11,93.76590331,17.13,2.09,11.02,0.48
E01005130,E01005130 : Manchester 054A,9.82,34.4,4.39,33.88,83.67,91.24487004,23.25,2.63,15.72,0.46
E01033651,E01033651 : Manchester 054B,6.36,72.89,0.31,2.3,84.74,95.19331243,23.46,2.65,15.72,0.06
E01033658,E01033658 : Manchester 054C,12.16,56.86,0,0.56,75.53,81.83098592,21.27,2.57,15.01,0.11
E01033664,E01033664 : Manchester 054D,7.42,67.5,0.19,0.28,86.25,92.29340761,24.11,2.73,15.72,0.11
E01033667,E01033667 : Manchester 054E,8.01,65.82,0.11,0.8,76.48,95.22727273,24.11,2.73,15.72,0.12
E01005128,E01005128 : Manchester 055A,16.36,54.73,0,0,84.15,91.35446686,17.86,2.54,14.02,0.13
E01033653,E01033653 : Manchester 055B,8,63.02,0.44,0.79,78.52,90.57591623,19.94,2.6,14.59,0.11
E01033654,E01033654 : Manchester 055C,15.23,50.62,0.36,0.53,75.49,93.42806394,20.78,2.71,14.51,0.12
E01033661,E01033661 : Manchester 055E,4.12,73.09,0.33,2.75,79.2,96.09310058,21.02,2.64,14.81,0.15
E01034129,E01034129 : Manchester 055F,5.4,75.36,0.47,3.44,74.25,94.99217527,24.11,2.73,15.72,0.09
E01034130,E01034130 : Manchester 055G,4.25,76.73,0.51,0,76.6,94.75703325,22.92,2.59,15.72,0.1
E01005143,E01005143 : Manchester 056A,10.79,25.73,7.94,56.87,64.43,75.53593947,19.07,2.27,13.63,0.25
E01033655,E01033655 : Manchester 056B,5.21,76.63,0,0.4,82.42,93.27956989,22.12,2.58,15.61,0.13
E01033665,E01033665 : Manchester 056C,5.89,65.88,0.22,1.09,76.31,90.28384279,22.12,2.59,14.65,0.14
E01033676,E01033676 : Manchester 056D,10.48,26.94,7.12,37.67,73.09,83.72093023,21.28,2.5,14.46,0.41
E01005212,E01005212 : Manchester 057A,31.04,30,1.71,13.4,86.45,90.94488189,17.86,2.54,13.82,0.29
E01033656,E01033656 : Manchester 057B,22.94,38.78,0,0.21,79.71,95.85921325,17.86,2.54,14.02,0.15
E01033662,E01033662 : Manchester 057C,13.27,62.13,0.41,1.24,83.02,92.45087901,17.86,2.54,14.02,0.11
E01005142,E01005142 : Manchester 058A,13.49,21.5,8.12,37.32,81.08,81.58640227,18.68,2.23,13.65,0.39
E01005147,E01005147 : Manchester 058B,13.97,28.31,9.13,34.86,78.95,81.82831661,20.53,2.42,14.4,0.35
E01033674,E01033674 : Manchester 058C,10.64,41.56,6.31,11.56,78.53,92.36526946,21.16,2.5,14.8,0.15
E01033675,E01033675 : Manchester 058D,11.04,32.94,7.13,21.53,69.04,87.01298701,20.26,2.39,13.55,0.39
E01005213,E01005213 : Manchester 059A,16.14,40.38,2.41,17.27,85.26,91.18150685,18.29,2.49,13.37,0.35
E01033660,E01033660 : Manchester 059B,4.45,78.8,0,0.12,71.54,96.15832363,18.72,2.43,13.35,0.15
E01033672,E01033672 : Manchester 059C,9.59,50.55,1.63,23.54,79.28,93.15960912,18.29,2.49,13.37,0.36
E01033673,E01033673 : Manchester 059D,3.47,76.56,0.12,0,77.01,96.85314685,18.72,2.43,13.35,0.16
E01033677,E01033677 : Manchester 060A,6.46,70.61,0.49,0,71.59,96.06557377,19.99,2.56,14.55,0.11
E01033681,E01033681 : Manchester 060B,4.03,78.74,0.12,0.12,68.12,97.29411765,18.76,2.47,13.89,0.1
E01033682,E01033682 : Manchester 060C,3.81,74.69,0.4,0.8,61.62,94.14114514,18.91,2.47,13.82,0.19
E01034131,E01034131 : Manchester 060E,6.07,66.5,0.31,0.15,80.09,96.3190184,17.86,2.54,13.66,0.12
E01034132,E01034132 : Manchester 060F,6.43,64.05,0,0.21,85.27,95.50679206,17.86,2.54,13.66,0.1
E01005129,E01005129 : Manchester 061A,9.44,37.7,3.36,42.33,73.14,91.13772455,20.69,2.48,14.09,0.38
E01005132,E01005132 : Manchester 061B,8.09,28.35,4.98,54.92,61.71,86.61137441,20.97,2.45,14.53,0.35
E01034133,E01034133 : Manchester 061C,5.87,43.74,4.43,33.86,75.17,90.20501139,22.82,2.57,15.72,0.39
E01034134,E01034134 : Manchester 061D,1.46,81.79,0.45,1.64,74.93,98.65269461,21.73,2.45,15.72,0.12
E01034135,E01034135 : Manchester 062A,3.69,71.08,1.09,10.45,55.23,96.09984399,20.03,2.35,14.44,0.18
E01033688,E01033688 : Manchester 062B,8.1,26.64,6.88,40.26,77.75,91.86875892,19.83,2.47,13.95,0.49
E01034136,E01034136 : Manchester 062C,5.46,76,0.17,4.46,66.34,96.86985173,21.73,2.45,15.72,0.18
E01033684,E01033684 : Manchester 062D,4.42,76.71,0,0.69,81.93,96.56188605,21.05,2.65,14.58,0.14
E01005234,E01005234 : Manchester 063A,11.86,22.92,6.63,58.55,65.9,78.15384615,16.62,2.23,13.36,0.21
E01005233,E01005233 : Manchester 063B,13.21,23.03,9.67,70.48,73.32,75.69974555,18.23,2.31,13.35,0.17
E01034137,E01034137 : Manchester 063C,13.57,24.51,10.12,50.4,60.77,79.7979798,17.43,2.28,13.35,0.23
E01005238,E01005238 : Manchester 063D,9.81,25.94,4.65,53.36,51.89,80.41237113,16.62,2.23,13.36,0.26
E01005200,E01005200 : Manchester 064A,9.07,38.05,2.08,52.18,48.49,84.40748441,16.28,2.25,13.25,0.32
E01034138,E01034138 : Manchester 064B,10.92,20.56,10.15,60.49,80.35,77.26269316,16.63,2.25,13.35,0.18
E01005199,E01005199 : Manchester 064C,8.36,34.26,4.99,73.84,53.42,85.06637168,16.63,2.25,13.35,0.23
E01005518,E01005518 : Rochdale 001A,3.29,26.16,16.79,52.6,26.49,97.03264095,8.29,1.37,9.79,0.53
E01005520,E01005520 : Rochdale 001B,4.33,31.22,14.13,49.07,29.44,96.14906832,9.35,1.55,10.69,0.48
E01005522,E01005522 : Rochdale 001C,4.24,28.91,2.73,66.84,48.37,96.74902471,9.64,1.54,11.14,0.25
E01005523,E01005523 : Rochdale 001D,2.64,28.94,15.61,37.92,29.49,96.90210657,10.89,1.81,11.82,0.33
E01005519,E01005519 : Rochdale 002A,3.18,29.66,17.87,29.31,16.59,96.3081862,9.47,1.56,11.2,0.42
E01005594,E01005594 : Rochdale 002B,5.58,27.36,15.1,29.53,24.54,95.98662207,10.06,1.59,10.64,0.49
E01005597,E01005597 : Rochdale 002C,2.97,32.26,19.47,41.11,20.8,98.06763285,8.98,1.45,10.25,0.42
E01005598,E01005598 : Rochdale 002D,3.9,34.7,38.03,27.58,18.75,97.37991266,11.3,1.9,12,0.37
E01005516,E01005516 : Rochdale 003A,4.57,31.49,15.87,17.4,13.6,98.08429119,11.77,1.89,12.02,0.36
E01005517,E01005517 : Rochdale 003B,3.23,33.9,35.73,11.54,18.79,97.6599064,11.5,1.82,11.86,0.36
E01005521,E01005521 : Rochdale 003C,4.08,37.47,27.89,40.5,24.96,94.94799406,9.41,1.39,10.54,0.53
E01005596,E01005596 : Rochdale 003D,3.07,33.67,45.15,24.05,18.34,96.93627451,12.19,1.98,12.17,0.39
E01005578,E01005578 : Rochdale 004A,8.8,18.45,5.44,54.56,49.13,82.55813953,13.39,1.96,12.26,0.36
E01005579,E01005579 : Rochdale 004B,12.07,14.37,4.72,17.42,62.11,78.54545455,13.31,1.92,12.83,0.38
E01005586,E01005586 : Rochdale 004C,10.63,19.98,6.51,58.57,63.45,86.05388273,12.52,1.95,12.09,0.47
E01005593,E01005593 : Rochdale 004D,5.29,26.51,21.49,25.33,36.92,91.64456233,12.13,2.09,11.93,0.41
E01005595,E01005595 : Rochdale 004E,9.72,20.4,8.27,25.87,70.41,90.6291834,12.13,2.09,12.27,0.44
E01005489,E01005489 : Rochdale 005A,3.98,28.9,54.35,10.47,19.76,97.02380952,12.89,1.81,11.77,0.47
E01005490,E01005490 : Rochdale 005B,9.86,21.27,3.32,13.27,50.59,91.9239905,11.88,1.78,11.5,0.46
E01005491,E01005491 : Rochdale 005C,5.59,28.07,16.3,29.81,35.1,95.3147877,11.82,1.76,11.58,0.53
E01005493,E01005493 : Rochdale 005D,2.8,38.28,62.29,11.87,17.18,97.76536313,12.53,1.79,11.76,0.43
E01005494,E01005494 : Rochdale 005E,4.96,27.75,26.02,37.27,32.26,94.38202247,13.12,1.8,12.01,0.45
E01005495,E01005495 : Rochdale 005F,4.97,23.38,24.68,36.38,37.34,92.70386266,13.95,1.85,12.1,0.44
E01005488,E01005488 : Rochdale 006A,2.9,39.64,46.32,8.38,10.1,97.0890411,9.88,1.59,10.73,0.48
E01005492,E01005492 : Rochdale 006B,4.43,35.34,56.82,11.36,9.39,98.05510535,11.12,1.8,11.28,0.46
E01005499,E01005499 : Rochdale 006C,3.1,31.62,19.68,42.86,31.77,95.60761347,10.7,1.6,10.88,0.7
E01005571,E01005571 : Rochdale 006D,3.13,36.91,39.89,28.06,14.17,98.76203576,9.79,1.53,10.49,0.52
E01005570,E01005570 : Rochdale 007A,4.3,39.4,44.56,30.27,21.56,96.94397284,10.13,1.66,11.01,0.43
E01005572,E01005572 : Rochdale 007B,5.06,38.12,34.71,8.76,12.76,98.41017488,10.98,1.79,11.28,0.39
E01005573,E01005573 : Rochdale 007C,3.91,41.05,68.55,1.59,11.37,98.05996473,11.03,1.78,11.33,0.45
E01005574,E01005574 : Rochdale 007D,3.64,40.77,60.37,20.03,17.17,97.83549784,11.55,1.84,11.47,0.51
E01005587,E01005587 : Rochdale 007E,2.32,44.59,77.78,11.11,13.2,98.44660194,10.89,1.78,11.33,0.48
E01005588,E01005588 : Rochdale 007F,3.44,24.37,22.34,40.58,44.38,96.64634146,11.4,1.8,11.46,0.46
E01005580,E01005580 : Rochdale 008A,7.58,21.43,3.46,72.15,43.25,83.0449827,14.57,1.95,12.39,0.24
E01005581,E01005581 : Rochdale 008B,10.03,21.82,4.3,50.49,60.97,82.10818308,14.16,1.96,12.78,0.29
E01005583,E01005583 : Rochdale 008D,14.56,19.12,6.94,49.52,59.23,75.72254335,14.57,1.95,12.39,0.2
E01005585,E01005585 : Rochdale 008F,9.88,24.1,8.02,36.27,42.8,80.56112224,14.27,1.93,13.03,0.34
E01034234,E01034234 : Rochdale 008H,11.32,22.83,5.69,74.84,37.06,67.61487965,15.02,2,12.73,0.22
E01034235,E01034235 : Rochdale 008I,13.18,21.88,7.22,47.77,55.93,73.03609342,14.16,1.96,12.78,0.32
E01005496,E01005496 : Rochdale 009A,9.49,18.15,2.37,20.32,66.8,86.75889328,11.21,1.78,11.43,0.42
E01005589,E01005589 : Rochdale 009B,7.09,25.73,3.64,69.79,38.39,93.29608939,12.34,1.82,11.85,0.37
E01005590,E01005590 : Rochdale 009C,8.7,24.05,10.16,54.55,38.28,81.54121864,13.23,1.93,12.05,0.42
E01005591,E01005591 : Rochdale 009D,5.4,30.18,18.68,33.08,30.23,92.66055046,11.95,1.83,11.59,0.39
E01005592,E01005592 : Rochdale 009E,8.22,26.83,10.31,17.35,47.46,89.3442623,12.73,1.93,11.87,0.51
E01005472,E01005472 : Rochdale 010A,10.43,23.5,10.41,35.9,55.24,88.98944193,13.7,2.04,12.46,0.35
E01005473,E01005473 : Rochdale 010B,11.4,24.77,5.33,47.53,38.07,81.85404339,14.25,2.02,12.46,0.36
E01005482,E01005482 : Rochdale 010C,18.71,18.57,2.8,9.52,87.91,82.90502793,14.07,1.95,12.39,0.16
E01005483,E01005483 : Rochdale 010D,11.26,20.25,3.21,33.16,69.11,73.53463588,13.23,1.84,11.99,0.33
E01005484,E01005484 : Rochdale 010E,15.51,20.68,2.84,32.77,76.93,81.05670103,13.23,1.93,12.15,0.24
E01005486,E01005486 : Rochdale 010F,13.87,23.27,5.52,71.74,58.5,79.29883139,14.12,1.91,12.05,0.22
E01005487,E01005487 : Rochdale 010G,6.39,24.37,5.81,58.12,44.69,80.27444254,13.23,1.86,11.95,0.38
E01005474,E01005474 : Rochdale 011A,6.7,26.92,42.65,15.13,21.59,93.69747899,13.02,2.03,12.05,0.4
E01005575,E01005575 : Rochdale 011B,4.76,40.16,53.68,18.42,16.32,98.42105263,12.39,2.03,11.84,0.44
E01005576,E01005576 : Rochdale 011C,4.08,49.29,81.18,3.14,7.35,97.6146789,12.22,1.92,11.63,0.51
E01005577,E01005577 : Rochdale 011D,4.44,42.86,38.18,8.35,13.12,98.91808346,12.56,1.94,11.87,0.5
E01005469,E01005469 : Rochdale 012A,5.38,25.91,11.22,38.34,25.36,91.83673469,15.1,1.88,13.08,0.24
E01005563,E01005563 : Rochdale 012B,8.79,25.48,5.39,54.75,47.1,83.71104816,14.77,1.87,13.18,0.27
E01005565,E01005565 : Rochdale 012C,7.63,23.29,21.83,8.77,45.22,90.48507463,14.8,1.86,13.3,0.43
E01005566,E01005566 : Rochdale 012D,7.28,24.34,7.74,42.81,46.5,86.47342995,13.7,1.92,12.84,0.36
E01005568,E01005568 : Rochdale 012E,16.02,17.82,7.95,35.17,79.17,81.9295559,14.15,1.91,13.14,0.35
E01005569,E01005569 : Rochdale 012F,9.94,22.03,4.84,15.94,49.92,84.97652582,14.15,1.91,13.14,0.33
E01005556,E01005556 : Rochdale 013A,5.16,28.76,23.57,39.86,32.23,96.42346209,13.44,1.81,12.7,0.32
E01005559,E01005559 : Rochdale 013B,6.34,21.86,12.24,48.79,59.55,87.31117825,13.56,1.81,12.96,0.49
E01005560,E01005560 : Rochdale 013C,4.34,25.82,9.97,25.43,24.31,97.5397974,13.75,1.79,13.23,0.33
E01005567,E01005567 : Rochdale 013D,3.64,31.64,15.88,21.22,31.19,95.03722084,13.86,1.81,13.21,0.35
E01005555,E01005555 : Rochdale 014A,3.17,33.04,26.59,11.29,17.3,97.63205829,12.49,1.76,12.26,0.4
E01005557,E01005557 : Rochdale 014B,2.04,27.97,19.32,15.29,7.24,98.99598394,14.26,1.86,12.95,0.37
E01005558,E01005558 : Rochdale 014C,3.76,27.61,9.1,25.75,40.11,96.43874644,13.85,1.83,12.83,0.38
E01005561,E01005561 : Rochdale 014D,4.06,29.5,11.38,45.38,30.82,96.45608629,10.11,1.52,11.03,0.52
E01005562,E01005562 : Rochdale 014E,5.3,27.02,16.15,47.14,39.79,95.29411765,13.03,1.72,13.4,0.42
E01005470,E01005470 : Rochdale 015A,11.28,22.57,9.38,59.96,54.21,70.05870841,13.96,1.91,12.63,0.25
E01005471,E01005471 : Rochdale 015B,11.78,23.38,5.63,60.04,42,77.46478873,14.59,2.05,12.46,0.37
E01005475,E01005475 : Rochdale 015C,8.4,23.09,5.04,26.89,50.25,81.8487395,14.92,1.94,12.63,0.39
E01005485,E01005485 : Rochdale 015D,11.66,25.09,7.13,59.73,51.26,78.78338279,13.72,1.92,12.37,0.18
E01005564,E01005564 : Rochdale 015E,13.75,22.33,6.65,59.16,64.27,74.49118046,14.6,1.93,12.69,0.17
E01005464,E01005464 : Rochdale 016A,8.79,20.72,6.75,10.64,58.28,87.5,16.09,1.97,13.15,0.49
E01005465,E01005465 : Rochdale 016B,4.34,27.8,22.35,25.51,40.75,94.09547739,14.81,1.87,12.98,0.38
E01005466,E01005466 : Rochdale 016C,12.01,19.92,4.7,16.73,73.97,88.9540567,16.02,1.93,13.3,0.52
E01005467,E01005467 : Rochdale 016D,9.96,21.19,8.54,20.34,58.24,86.40192539,15.35,1.91,13.42,0.45
E01005468,E01005468 : Rochdale 016E,1.59,40,42.39,11.71,11.06,98.07228916,13.99,1.83,12.89,0.42
E01005476,E01005476 : Rochdale 017A,4.55,24.33,9.78,39.51,33.2,95.36082474,14.4,1.94,13.45,0.36
E01005477,E01005477 : Rochdale 017B,8.12,22.04,3.17,63.92,63.18,90.73856975,15.49,2.03,13.49,0.23
E01005478,E01005478 : Rochdale 017C,7.08,25.71,31.89,27.4,31.49,94.61077844,14.84,1.97,12.88,0.37
E01005479,E01005479 : Rochdale 017D,5.29,27.17,15.1,26.65,28.03,95.03816794,14.35,1.88,12.85,0.44
E01005480,E01005480 : Rochdale 017E,5.76,24.54,17.27,24.65,35.84,92.89693593,14.37,2.07,12.26,0.47
E01005481,E01005481 : Rochdale 017F,5.17,25.88,26.24,26.42,25.64,92.45283019,14.38,2.1,12.89,0.44
E01005497,E01005497 : Rochdale 018A,7.43,21.79,4.67,43.66,56.82,89.55823293,13.62,2,12.6,0.4
E01005501,E01005501 : Rochdale 018B,7.29,18.85,3.42,37.63,74.77,94.47791165,13.57,1.98,12.83,0.25
E01005502,E01005502 : Rochdale 018C,3.78,16.83,3.68,56.47,44.71,94.99263623,13.9,1.88,13.53,0.36
E01005504,E01005504 : Rochdale 018D,8.57,22.42,10.7,57.04,47.18,92.3943662,13.96,1.86,13.11,0.35
E01005505,E01005505 : Rochdale 018E,5.2,21.5,13.74,43.91,38.19,94.0625,13.71,1.87,13,0.33
E01005509,E01005509 : Rochdale 018F,10.57,18.46,2.07,45.52,64.77,93.53507565,13.83,1.98,12.93,0.36
E01005510,E01005510 : Rochdale 019A,3.81,24.4,20.99,10.84,7.67,98.19413093,13.43,1.93,12.44,0.37
E01005511,E01005511 : Rochdale 019B,4.75,19.16,10.39,26.07,19.76,97.96334012,14.38,2.22,13.21,0.37
E01005512,E01005512 : Rochdale 019C,6.72,20.75,4.83,41.93,42.08,96.24624625,14.83,2.35,13.2,0.41
E01005513,E01005513 : Rochdale 019D,8.57,23.61,4.89,49.05,64.66,93.84858044,15.55,2.59,13.8,0.52
E01005514,E01005514 : Rochdale 019E,5.21,22.03,10.18,57.09,43.28,95.12195122,15.06,2.35,13.05,0.52
E01005515,E01005515 : Rochdale 019F,8.85,14.5,4.38,64.82,72.66,89.29618768,15.55,2.54,13.59,0.54
E01005498,E01005498 : Rochdale 020A,6.62,24.72,6.41,75.89,42.93,92.92929293,13.3,2.04,12.69,0.29
E01005500,E01005500 : Rochdale 020B,5.53,20.77,15.9,50.15,28.42,95.51777434,13.48,1.98,12.86,0.4
E01005503,E01005503 : Rochdale 020C,3.05,31.89,60.42,5.11,8.33,97.91666667,13.96,1.86,13.11,0.41
E01005506,E01005506 : Rochdale 020D,5.22,21.21,14.64,30.51,39.72,92.47311828,13.87,1.89,13.64,0.42
E01005507,E01005507 : Rochdale 020E,6.38,27.84,11.13,55.46,35.91,95.41751527,14.73,1.91,14.27,0.24
E01005508,E01005508 : Rochdale 020F,3.43,32.71,49.43,9.81,12.17,97.8343949,14.82,1.81,13.72,0.48
E01005524,E01005524 : Rochdale 021A,6.08,25.66,5.67,32.9,26.54,94.83037157,15.72,2.25,13.06,0.43
E01005525,E01005525 : Rochdale 021B,10.41,23.88,5.36,18.88,65.23,88.33138856,14.61,2.03,12.87,0.54
E01005526,E01005526 : Rochdale 021C,5.62,29.72,25.7,25.32,38.01,94.19191919,14.54,1.93,13.22,0.42
E01005528,E01005528 : Rochdale 021D,7.66,23.2,3.28,27.57,41.47,93.2735426,14.84,2.1,12.92,0.53
E01005536,E01005536 : Rochdale 021E,6.11,22.12,7.07,40.35,47.14,91.89985272,15.05,2.13,12.96,0.38
E01005543,E01005543 : Rochdale 021F,4.53,23.97,11.31,33.14,19.65,96.12403101,14.25,1.96,12.73,0.44
E01005527,E01005527 : Rochdale 022A,7.35,26.01,10.44,36.89,54.49,95.39951574,15.3,2.04,13.31,0.48
E01005529,E01005529 : Rochdale 022B,10.19,15.76,3.08,40.43,68.32,94.48183042,14.63,2.06,12.88,0.54
E01005551,E01005551 : Rochdale 022C,11.07,19.57,8.55,37.47,64.49,93.72738239,15.23,1.96,13.39,0.47
E01005552,E01005552 : Rochdale 022D,10.03,18.61,5.39,46.4,72.33,92.02247191,15.53,2.13,13.92,0.55
E01005553,E01005553 : Rochdale 022E,8.2,17.86,8.83,41.17,57.74,92.45773732,15.51,2.29,13.21,0.51
E01005554,E01005554 : Rochdale 022F,3.86,32.72,24.4,22.69,20.89,95.78587699,14.99,1.92,13.59,0.47
E01005534,E01005534 : Rochdale 023A,4.89,21.73,17.2,12.38,35.85,94.04186795,16.83,2.11,12.95,0.46
E01005535,E01005535 : Rochdale 023B,6.01,24.27,4.46,45.54,41.78,93.39477727,16.9,2.09,13.47,0.48
E01005537,E01005537 : Rochdale 023C,3.88,23.91,2.87,19.53,11.79,96.96428571,14.79,2.09,12.91,0.38
E01005538,E01005538 : Rochdale 023D,7.25,17.79,7.26,46.02,45.41,89.75265018,14.92,2.11,12.93,0.48
E01005540,E01005540 : Rochdale 023E,5.56,24.91,6.43,41.79,28.98,95.75551783,16.29,2.15,12.95,0.33
E01005541,E01005541 : Rochdale 023F,7.05,23.25,3.17,73.34,38.18,92.6618705,16.51,2.17,12.99,0.31
E01005542,E01005542 : Rochdale 023G,6.81,19.95,2.56,40.17,59.29,90.32716927,16.41,2.13,12.92,0.39
E01005533,E01005533 : Rochdale 024A,4.76,28.89,3.73,38.76,39.15,94.89414695,16.49,2.21,13.46,0.4
E01005539,E01005539 : Rochdale 024B,8.33,18.84,2.25,49.48,46.33,91.00449775,16.24,2.23,13.36,0.27
E01005546,E01005546 : Rochdale 024C,9.11,27.21,17.44,22.72,39.06,96.3081862,15.5,2.17,13.71,0.5
E01005547,E01005547 : Rochdale 024D,4.84,26.79,11.72,52.59,34.11,94.54297408,16.19,2.09,13.21,0.39
E01005548,E01005548 : Rochdale 024E,7.02,24.9,11.13,37.9,49.6,93.38709677,15.51,2.29,13.73,0.45
E01005530,E01005530 : Rochdale 025A,3.97,28.87,13.27,3.79,8.68,97.94628752,16.69,2.08,13.16,0.39
E01005531,E01005531 : Rochdale 025B,4.84,27.85,19.23,39.62,26.99,89.4026975,16.15,2.08,13.47,0.43
E01005532,E01005532 : Rochdale 025C,8.28,21.07,4.34,43.41,57.25,91.75412294,16.78,2.08,13.5,0.48
E01005544,E01005544 : Rochdale 025D,2.44,36.5,11.79,1.37,8.36,98.29642249,15.54,2.05,13.47,0.43
E01005545,E01005545 : Rochdale 025E,4.21,37.24,55.39,1.04,10.17,97.71784232,15.66,2.04,13.54,0.4
E01005549,E01005549 : Rochdale 025F,4.57,42.08,33.16,2.38,6.1,99.32088285,15.77,2.12,14.03,0.52
E01005550,E01005550 : Rochdale 025G,4.01,31.74,5.67,0.97,7.29,98.38187702,16.33,2.12,13.79,0.44
E01005886,E01005886 : Stockport 001A,4.96,26.2,6.9,41.26,41.29,94.57478006,15.33,2.31,12.92,0.33
E01005888,E01005888 : Stockport 001B,5.74,24.17,2.89,29.76,27.26,95.40816327,15.25,2.3,12.72,0.36
E01005889,E01005889 : Stockport 001C,6.72,22.4,5.34,34.87,41.6,95.98811293,15.57,2.28,12.83,0.3
E01005891,E01005891 : Stockport 001D,4.19,26.36,55.01,1.05,11.58,95.07908612,15.26,2.24,12.86,0.45
E01005894,E01005894 : Stockport 001E,3.96,26.05,2.11,48.24,21.58,97.00704225,15.52,2.2,12.77,0.31
E01005887,E01005887 : Stockport 002A,7.33,25.41,4.55,40.45,44.63,90.48338369,14.82,2.15,12.86,0.42
E01005890,E01005890 : Stockport 002B,7.4,23.75,3.59,12.48,31.57,94.18803419,15.32,2.21,12.96,0.41
E01005893,E01005893 : Stockport 002C,4.97,32.24,1.19,31.05,56.71,95.05946935,15.52,2.2,12.77,0.3
E01005896,E01005896 : Stockport 002D,6.27,27.99,3.04,67.3,42.06,91.99491741,15.16,2.24,12.89,0.23
E01005919,E01005919 : Stockport 002E,7.88,29.82,1.99,49.15,51.99,93.87464387,15.69,2.28,12.87,0.47
E01005862,E01005862 : Stockport 003A,2.49,41.2,2.87,3.55,11.51,96.62162162,15.85,2.21,12.7,0.4
E01005892,E01005892 : Stockport 003B,4.96,23.43,2.54,25.36,35.26,94.1923775,15.97,2.22,12.96,0.33
E01005895,E01005895 : Stockport 003C,3.7,26.88,4.94,9.26,33.06,96.49484536,15.98,2.13,12.92,0.39
E01005920,E01005920 : Stockport 003D,4.21,40.2,3.48,8.7,11.41,98.1042654,15.83,2.24,12.88,0.38
E01005921,E01005921 : Stockport 003E,5.75,26.36,6.73,51.19,47.14,91.75977654,16.24,2.19,12.98,0.23
E01005922,E01005922 : Stockport 003F,4.21,25.75,18.48,38.9,18.09,97.74193548,16.24,2.19,12.98,0.36
E01005753,E01005753 : Stockport 004A,8.76,18.44,4.35,47.31,57.16,92.75362319,17.1,2.22,13.45,0.44
E01005754,E01005754 : Stockport 004B,11.25,15.16,2.12,26.23,79.34,93.53281853,16.34,2.14,13.39,0.54
E01005755,E01005755 : Stockport 004C,9.01,18.32,2.36,26.56,57.16,90.82058414,16.98,2.25,13.31,0.44
E01005756,E01005756 : Stockport 004D,9.35,28.88,7.6,20.19,60.1,93.26275265,15.83,2.13,13.63,0.46
E01005745,E01005745 : Stockport 005A,2.97,28.37,17.5,27.5,19.73,96.33333333,14.55,2.42,12.76,0.45
E01005746,E01005746 : Stockport 005B,10.74,19.98,1.79,17.65,59.36,95.77464789,15.16,2.28,12.21,0.45
E01005747,E01005747 : Stockport 005C,3.25,34.97,13.78,15.99,10.71,98.80952381,13.14,2.48,12.33,0.46
E01005748,E01005748 : Stockport 005D,2.25,34.8,31.57,3.17,6.65,98.48942598,13.91,2.32,12.25,0.48
E01005863,E01005863 : Stockport 006A,2.69,54.66,13.9,12.08,25.03,94.28571429,17,2.26,13.09,0.45
E01005864,E01005864 : Stockport 006B,2.33,57.5,16.09,19.22,31.1,96.71875,16.12,2.16,12.75,0.43
E01005866,E01005866 : Stockport 006C,4.12,51.32,6.56,17.4,47.04,88.41309824,16.12,2.16,12.75,0.39
E01005869,E01005869 : Stockport 006D,4.42,42.26,5.96,17.28,16.39,97.39663093,15.26,2.19,12.69,0.36
E01005914,E01005914 : Stockport 007A,4.75,26.12,2.37,39.41,28.83,97.76785714,17.2,2.22,12.9,0.35
E01005915,E01005915 : Stockport 007B,5.6,25.89,2.92,57.58,44.15,93.58437936,17.09,2.25,12.98,0.29
E01005916,E01005916 : Stockport 007C,5.25,37.17,4.41,48.28,34.94,95.99447514,18.58,2.22,13.29,0.33
E01005917,E01005917 : Stockport 007D,6.61,33.89,2.89,55.6,59.84,91.87986652,17.51,2.4,13.31,0.27
E01005859,E01005859 : Stockport 008A,3.63,60.15,6.85,8.28,35.35,93.80952381,17.18,2.16,13.05,0.44
E01005865,E01005865 : Stockport 008B,2.94,57.58,62.89,6.51,16.99,95.85492228,15.5,2.09,12.49,0.47
E01005867,E01005867 : Stockport 008C,4.63,57.42,14.71,11.3,21.36,94.89164087,16.12,2,12.49,0.5
E01005868,E01005868 : Stockport 008D,3.64,47.36,46.63,0.82,11.15,97.20853859,15.52,2.04,12.49,0.47
E01005743,E01005743 : Stockport 009A,2.97,27.53,7.22,0.53,11.33,98.24253076,15.37,2.18,13.1,0.45
E01005744,E01005744 : Stockport 009B,6.4,21.06,20.76,21.22,31,94.65648855,15.84,2.22,13.35,0.25
E01005749,E01005749 : Stockport 009C,3.95,29.38,27.3,25.38,17.01,97.5308642,14.5,2.21,12.11,0.42
E01005750,E01005750 : Stockport 009D,3.52,29.64,7.32,13.92,16.45,95.98853868,15.92,2.39,12.95,0.43
E01005751,E01005751 : Stockport 009E,5.78,23.7,3.41,23.25,23.25,93.34415584,13.2,2.07,11.92,0.37
E01005897,E01005897 : Stockport 010A,5.18,28.56,6.53,25.96,31.26,96.82274247,11.09,1.99,11.25,0.47
E01005898,E01005898 : Stockport 010B,5.87,32.39,26.77,34.38,23.37,96.87924016,11.03,2.07,11.48,0.58
E01005900,E01005900 : Stockport 010C,4.93,34,17.22,25.06,37.67,96.32911392,12.44,2.02,11.55,0.44
E01005903,E01005903 : Stockport 010D,5.12,43.4,61.75,8.1,6.18,99.36608558,12.14,2.14,11.78,0.5
E01005904,E01005904 : Stockport 010E,4.24,40.14,26.84,4.95,13.23,98.35082459,11.69,2.03,11.6,0.43
E01005853,E01005853 : Stockport 011A,5.95,35.26,15.52,12.99,39.16,93.73134328,16.11,2.21,13.2,0.44
E01005856,E01005856 : Stockport 011B,3.83,44.37,26.83,12.2,18.75,96.48854962,15.98,2.3,12.93,0.4
E01005860,E01005860 : Stockport 011C,2.97,55.6,10.39,8.86,10.2,98.80546075,17,2.22,13.37,0.43
E01005861,E01005861 : Stockport 011D,3.27,42.77,8.72,25.04,28.55,95.35211268,17.15,2.46,13.45,0.44
E01005752,E01005752 : Stockport 012A,4.71,23,10.46,16.01,41.84,93.67088608,13.48,2.09,11.73,0.48
E01005899,E01005899 : Stockport 012B,4.12,30.25,15.87,21.73,18.93,97.47003995,12.23,1.98,11.35,0.46
E01005901,E01005901 : Stockport 012C,3.36,31.08,25.84,8.13,12.62,98.40510367,13.22,2.09,11.97,0.43
E01005902,E01005902 : Stockport 012D,8.99,25.08,14.21,27.47,50.2,93.75848033,13.61,2.12,11.91,0.5
E01005905,E01005905 : Stockport 012E,9.78,20.05,4.15,45.02,55.06,91,13.61,2.12,11.91,0.45
E01005852,E01005852 : Stockport 013A,2.38,53.13,16.35,26.28,30.85,93.1085044,17.45,1.94,13.51,0.41
E01005854,E01005854 : Stockport 013B,2.45,58.38,11.98,36.91,13.02,99.30651872,16.83,2.07,13.22,0.43
E01005855,E01005855 : Stockport 013C,3.82,54.42,24.53,14.24,10.79,97.59862779,17.24,1.98,13.26,0.48
E01005857,E01005857 : Stockport 013D,4.73,50.7,52.9,4.68,15.67,94.17475728,16.53,2.01,13.19,0.45
E01005858,E01005858 : Stockport 013E,3.32,51.3,10.37,27.43,25,95.82806574,17.19,1.87,13.3,0.42
E01005757,E01005757 : Stockport 014A,6.59,27.56,2.34,56.12,42.64,92.4137931,16.09,2.38,12.94,0.3
E01005766,E01005766 : Stockport 014C,6.8,29.54,2.13,41.1,61.17,88.76404494,13.36,2.09,12.65,0.23
E01005918,E01005918 : Stockport 014D,22.31,19.52,1.56,12.35,85.73,92.05776173,17.02,2.43,13.11,0.47
E01033947,E01033947 : Stockport 014E,7.04,32.66,1.4,20.7,77.45,90.19836639,16.67,2.42,13.01,0.15
E01033948,E01033948 : Stockport 014F,12.89,26.77,0.23,0.81,89.31,94.45086705,15.52,2.44,12.97,0.19
E01005870,E01005870 : Stockport 015A,4.1,27.16,2.64,38.18,30.48,95.21452145,15.32,2.35,12.79,0.35
E01005871,E01005871 : Stockport 015B,5.39,28.38,4.65,68.11,29.68,95.9742351,14.88,2.3,12.63,0.34
E01005873,E01005873 : Stockport 015C,3.25,26.45,7.71,5.31,15.67,98.28767123,13.78,2.17,12.31,0.38
E01005875,E01005875 : Stockport 015D,2.92,27.02,5.83,20.86,16.77,98.46153846,14.13,2.19,12.41,0.34
E01005764,E01005764 : Stockport 016A,4.91,35.76,1.67,71.69,44.4,93.29896907,13.85,2.21,12.65,0.3
E01005816,E01005816 : Stockport 016B,4.22,34.86,3.11,82.32,41.87,91.79632249,15.78,2.79,12.62,0.23
E01005817,E01005817 : Stockport 016C,4.83,39.88,2.1,78.98,37.61,93.54354354,15.15,2.52,12.85,0.28
E01005822,E01005822 : Stockport 016D,8.22,30.45,1.16,34.17,75.05,90.43478261,15.64,2.55,12.97,0.13
E01005880,E01005880 : Stockport 017A,4.05,48.66,36.32,25.23,17.99,97.56838906,9.99,1.96,10.5,0.57
E01005881,E01005881 : Stockport 017B,3.53,56.28,88.28,1.41,4.03,98.99193548,10.96,2.02,10.95,0.51
E01005883,E01005883 : Stockport 017C,4.4,56.49,61.75,10.69,9.19,98.64253394,10.88,2.02,10.89,0.53
E01005908,E01005908 : Stockport 017D,1.61,57.83,51.1,17.71,6.43,98.27586207,9.12,1.9,10.05,0.69
E01005765,E01005765 : Stockport 018A,3.3,36.57,18.17,4.59,11.66,98.58657244,14.16,2.14,12.25,0.41
E01005818,E01005818 : Stockport 018B,5.31,29.33,5.81,22.5,36.36,94.36363636,13.74,1.91,11.84,0.37
E01005819,E01005819 : Stockport 018C,3.88,37.35,4.43,14.37,12.14,97.85932722,13.98,1.95,11.99,0.39
E01005820,E01005820 : Stockport 018D,3.7,35.95,3.73,29.86,30.06,94.09937888,15.24,2.42,12.43,0.38
E01005821,E01005821 : Stockport 018E,6.65,30.57,2.26,29.82,30.93,97.89156627,15.37,1.96,12.54,0.37
E01005823,E01005823 : Stockport 018F,5.09,33.41,5.37,40.59,37.25,96.18104668,15.24,2.42,12.43,0.39
E01005825,E01005825 : Stockport 019A,4.49,35.95,9.59,19.84,35.22,91.44736842,12.87,2,11.93,0.35
E01005872,E01005872 : Stockport 019B,5.48,24.13,1.25,67.88,34.63,94.47929737,15.75,2.43,12.97,0.24
E01005874,E01005874 : Stockport 019C,6.75,24.7,1.64,29.09,64.71,91.80327869,15.75,2.43,12.97,0.3
E01005876,E01005876 : Stockport 019D,4.5,24.32,3.96,32.01,18.32,97.19471947,13.53,2.09,12.11,0.42
E01005877,E01005877 : Stockport 019E,5.71,26.67,6.87,25,41.56,93.12581064,13.87,2.15,12.39,0.32
E01005878,E01005878 : Stockport 020A,5.03,29.08,15.6,40.71,36.6,95.6462585,10.16,1.92,10.9,0.49
E01005879,E01005879 : Stockport 020B,5.42,40.06,4.94,19.08,27.6,97.78534923,10.67,2.05,10.81,0.43
E01005882,E01005882 : Stockport 020C,3.42,51.65,71.57,3.63,4.22,99.59677419,10.85,1.96,10.94,0.49
E01005884,E01005884 : Stockport 020D,2.7,47.17,42.54,1.53,5.24,99.32432432,10.87,1.92,11.15,0.45
E01005885,E01005885 : Stockport 020E,3.89,46.06,15.72,29.26,22.69,97.24238026,10.7,2.07,10.82,0.35
E01005832,E01005832 : Stockport 021A,5.95,28.3,15.59,8.66,23.58,97.16981132,13.32,2.09,12.02,0.44
E01005833,E01005833 : Stockport 021B,2.83,28.75,52.05,10.58,35.71,97.37991266,13.67,2.12,12.09,0.5
E01005835,E01005835 : Stockport 021C,2.61,32.45,58.69,3.96,8.13,97.92746114,12,1.95,11.56,0.48
E01005837,E01005837 : Stockport 021D,4.03,27.74,16.42,9.94,14.74,97.74774775,12.76,2.07,11.79,0.41
E01005843,E01005843 : Stockport 021E,3.42,33.05,64.71,6.05,7.55,97.98319328,12.89,1.99,11.89,0.41
E01005769,E01005769 : Stockport 022A,4.55,49.78,1.78,61.53,32.4,96.56050955,15.77,1.9,12.77,0.39
E01005778,E01005778 : Stockport 022B,3.78,36.11,5.31,16.58,17.25,98.00995025,13.74,1.91,11.91,0.37
E01005779,E01005779 : Stockport 022C,4.97,36.51,2.9,8.01,14.82,96.60441426,13.26,1.84,11.64,0.41
E01005780,E01005780 : Stockport 022D,4.65,34.79,16.99,13.81,20.18,95.23809524,13.26,1.84,11.64,0.42
E01005781,E01005781 : Stockport 022E,4.6,24.08,7.4,45.86,61.99,94.15011038,13.19,1.83,11.56,0.48
E01005759,E01005759 : Stockport 023A,4.24,32.88,10.04,22.83,29.99,96.00550964,13.85,2.21,12.65,0.45
E01005760,E01005760 : Stockport 023B,6.76,30.68,1.93,66.02,46.2,95.91373439,13.21,2.02,12.66,0.3
E01005797,E01005797 : Stockport 023C,5.05,40.14,1.91,58.03,44.35,96.60766962,13.61,2.1,12.46,0.29
E01005800,E01005800 : Stockport 023D,4.15,43.86,17.15,13.81,14.1,98.83551674,12.59,1.89,12.01,0.49
E01005804,E01005804 : Stockport 023E,5.76,38.33,3.86,32.83,39.14,95.28907923,12.82,1.94,12.69,0.45
E01005824,E01005824 : Stockport 024A,4.29,26.3,3.58,15.8,20.88,97.71615008,13.53,2.09,12.11,0.4
E01005826,E01005826 : Stockport 024B,8.23,17.58,3.16,69.98,57.5,91.46919431,13.78,2.09,12,0.48
E01005827,E01005827 : Stockport 024C,2.42,31.25,28.51,9.28,10.6,98.50543478,13.21,2.07,11.95,0.41
E01005828,E01005828 : Stockport 024D,14.62,21.09,2.29,64.37,75.18,94.72759227,13.39,2.16,11.89,0.49
E01005829,E01005829 : Stockport 024E,6.79,28.63,7.09,35.22,42.02,95.35353535,13.47,2.18,11.83,0.46
E01005768,E01005768 : Stockport 025A,3.24,52.14,53.68,13.03,9.09,97.10906702,14.92,1.91,12.11,0.45
E01005770,E01005770 : Stockport 025B,3.77,44.66,17.77,8.18,23.43,95.61128527,15.11,1.94,12.82,0.46
E01005771,E01005771 : Stockport 025C,4.38,45.02,13.05,4.76,22.24,96.47266314,15.55,1.97,12.64,0.43
E01005775,E01005775 : Stockport 025D,2.54,53.28,26.79,5.14,8.22,97.6744186,14.3,1.93,11.86,0.51
E01005761,E01005761 : Stockport 026A,3.37,28.81,2.2,13,37.43,95.42124542,13.16,1.85,11.7,0.43
E01005762,E01005762 : Stockport 026B,6.38,23.91,12.27,12.02,53.5,94.85570891,13.98,2.17,12.25,0.41
E01005763,E01005763 : Stockport 026C,5.12,25.17,14.26,7.05,46.39,93.89671362,13.03,1.89,12.16,0.44
E01005799,E01005799 : Stockport 026D,7.24,27,10.71,7,57.22,92.1316166,12.86,1.88,11.95,0.48
E01005798,E01005798 : Stockport 027A,3.63,40.04,10.27,6.44,42.68,96.28252788,12.94,2.01,11.82,0.5
E01005801,E01005801 : Stockport 027B,4.4,41.66,13.41,24.02,23.69,96.6442953,13.53,2.2,11.58,0.32
E01005802,E01005802 : Stockport 027C,2.98,45.52,9.15,14.14,13,98.5,13.13,2.06,11.98,0.46
E01005803,E01005803 : Stockport 027D,1.09,48.39,37.61,2.36,6.07,98.81556684,13.03,2.04,11.33,0.51
E01005830,E01005830 : Stockport 027E,5.56,34.13,12.27,28.25,25.75,98.29545455,13.28,2.12,11.66,0.39
E01005831,E01005831 : Stockport 027F,4.02,36.13,6.33,23.27,24.41,96.90721649,13.28,2.12,11.69,0.37
E01005767,E01005767 : Stockport 028A,4.6,46.41,90.35,0.5,8.79,97.00499168,13.9,1.92,11.4,0.5
E01005772,E01005772 : Stockport 028B,4.37,47.43,45.61,1.4,16.11,97.19298246,13.71,1.84,11.71,0.5
E01005773,E01005773 : Stockport 028C,3.72,53.12,21.78,7.67,22.31,97.09480122,13.47,1.83,11.62,0.29
E01005774,E01005774 : Stockport 028D,6.25,31.41,7.42,12.36,54.11,90.39780521,13.47,1.83,11.62,0.52
E01005776,E01005776 : Stockport 028E,2.01,53.76,66.29,1.62,10.99,98.21138211,13.58,1.86,11.46,0.53
E01005909,E01005909 : Stockport 029A,2.6,50.63,39.36,20.36,11.13,98.32826748,10.17,1.95,10.47,0.57
E01005910,E01005910 : Stockport 029B,4.32,33.63,7.23,37.19,35.91,94.08672799,10.14,2,10.48,0.4
E01005911,E01005911 : Stockport 029C,3.03,38.79,27.02,9.93,8.99,97.42647059,10.1,1.9,10.76,0.49
E01005912,E01005912 : Stockport 029D,2.45,41.53,22.44,33.43,12.1,98.04216867,9.87,1.8,10.29,0.57
E01005782,E01005782 : Stockport 030A,4.22,39.76,49.06,10.46,13.94,97.76632302,13.24,1.84,11.33,0.46
E01005783,E01005783 : Stockport 030B,5.86,40.92,45.82,7.96,15.75,97.6744186,13.12,1.83,11.48,0.49
E01005784,E01005784 : Stockport 030C,1.38,48.53,64.42,6.2,6.96,98.72495446,13.14,1.84,11.51,0.51
E01005785,E01005785 : Stockport 030D,5.64,46.74,14.95,16.01,17.45,96.65144597,13.12,1.83,11.5,0.42
E01005786,E01005786 : Stockport 030E,2.52,48.61,20.54,2.1,30.73,98.14126394,13.12,1.83,11.54,0.43
E01005834,E01005834 : Stockport 031A,4.24,28.51,6.79,17.69,36.55,89.85736926,13.66,2.24,11.86,0.49
E01005836,E01005836 : Stockport 031B,5.41,33.06,26.04,14.32,20.8,96.34002361,12.6,2.29,11.65,0.47
E01005838,E01005838 : Stockport 031C,4.13,37.72,4.7,45.69,37.44,95.17396184,13.15,2.27,11.65,0.24
E01005840,E01005840 : Stockport 031D,5.21,36.13,3.65,20.7,33.51,90.44502618,13.15,2.27,11.65,0.28
E01005927,E01005927 : Stockport 032A,3.24,56.17,29.67,3.05,3.05,98.7804878,12.25,1.79,11.21,0.49
E01005928,E01005928 : Stockport 032B,6.48,34.96,7.21,44.29,34.53,95.65217391,12.43,1.8,11.28,0.5
E01005929,E01005929 : Stockport 032C,3.15,52.65,50.83,3.32,10.15,98.50498339,12.28,1.8,11.3,0.63
E01005930,E01005930 : Stockport 032D,4.5,55.57,80.13,3.01,6.83,99.16527546,11.42,1.72,10.96,0.55
E01005806,E01005806 : Stockport 033A,2.22,32.43,21.33,10.66,9.24,99,12.09,2.1,11.21,0.42
E01005813,E01005813 : Stockport 033B,4.32,42.73,43.07,5.51,14.83,98.49498328,13.7,2.25,11.33,0.49
E01005814,E01005814 : Stockport 033C,2.17,37.7,48.43,1.11,2.95,98.52125693,12.64,2.11,11.26,0.51
E01005815,E01005815 : Stockport 033D,3.41,35.43,25.9,2.06,6.86,97.94871795,12.25,2.2,11.45,0.47
E01005777,E01005777 : Stockport 034A,6.07,36.64,33.76,29.25,30.51,92.51412429,12.94,1.86,11.42,0.42
E01005787,E01005787 : Stockport 034B,3.19,53.37,80.17,1.04,4.58,99.58246347,13.25,1.88,11.52,0.53
E01005788,E01005788 : Stockport 034C,4.59,50.37,33.49,4.01,14.65,99.67741935,13.25,1.88,11.52,0.48
E01005790,E01005790 : Stockport 034D,5.24,35.37,25.49,23.92,31.83,97.84313725,13.03,1.9,11.45,0.48
E01005805,E01005805 : Stockport 035A,2.99,40.03,25.04,0.34,10.88,99.14675768,11.8,2.17,11.34,0.45
E01005807,E01005807 : Stockport 035B,4.47,38.49,52.88,3.04,3.35,99.20127796,11.53,2.12,11.24,0.45
E01005839,E01005839 : Stockport 035C,2.74,37.35,86.81,0.37,3.66,99.26873857,12.65,2.09,11.39,0.47
E01005841,E01005841 : Stockport 035D,3.64,33.96,29.82,8.29,15.42,99.20255183,11.87,2.13,11.34,0.43
E01005844,E01005844 : Stockport 036A,4.29,39.33,43.41,1.28,12.09,97.62340037,13.57,1.9,11.01,0.45
E01005845,E01005845 : Stockport 036B,4.55,37.64,24.14,6.2,12.4,96.08482871,13.86,1.92,11.05,0.41
E01005849,E01005849 : Stockport 036C,3.88,37.7,37.37,5.21,11.45,98.15668203,13.54,1.92,10.92,0.48
E01005851,E01005851 : Stockport 036D,5.65,38.5,35.7,3.97,9.95,97.35099338,14.43,1.94,11.07,0.45
E01005808,E01005808 : Stockport 037A,2.18,53.28,79.43,0.95,7.58,99.42748092,11.26,1.77,11.01,0.49
E01005809,E01005809 : Stockport 037B,4.52,46.5,46.51,10.98,10.4,98.8,10.9,1.72,10.71,0.45
E01005810,E01005810 : Stockport 037C,5.17,48.55,48.64,20.85,22.36,98.48942598,11.03,1.68,10.67,0.53
E01005811,E01005811 : Stockport 037D,2.28,41.92,38.79,1.11,14.63,99.04610493,12.85,2.02,11.33,0.5
E01005812,E01005812 : Stockport 037E,2.64,56.7,81.67,0,4.8,99.16492693,11.87,1.89,11.09,0.57
E01005842,E01005842 : Stockport 038A,2.19,33.73,37.2,5.64,9.15,98.93129771,10.82,1.97,11.04,0.51
E01005906,E01005906 : Stockport 038B,3.56,35.63,75.67,3.92,6.15,98.89415482,9.63,1.8,10.07,0.47
E01005907,E01005907 : Stockport 038C,3.67,32.48,58.16,4.52,9.69,98.22294023,10.02,1.8,10.35,0.45
E01005913,E01005913 : Stockport 038D,3.3,36.48,40.22,11.27,12.89,99.0625,9.88,1.84,10.55,0.52
E01005789,E01005789 : Stockport 039A,2.74,51.88,28.65,5.87,14.48,98.63574352,12.71,1.84,11.37,0.45
E01005791,E01005791 : Stockport 039B,1.76,41.68,14.64,7.32,22.27,97.50390016,12.51,1.96,11.37,0.47
E01005793,E01005793 : Stockport 039C,2.2,40.13,11.5,6.87,19.94,95.6937799,12.35,2.01,11.43,0.45
E01005795,E01005795 : Stockport 039D,2.1,43.62,39.7,2.06,8.13,99.24385633,11.65,1.97,11.23,0.47
E01005796,E01005796 : Stockport 039E,2.22,50.69,39.96,2.01,10.87,99.59758551,12.81,1.81,11.31,0.46
E01005846,E01005846 : Stockport 040A,4.94,37.85,11.83,7.94,15.7,95.62398703,12.91,1.9,11.22,0.44
E01005847,E01005847 : Stockport 040B,5.49,31.94,5.89,22.77,18.37,94.58598726,13.54,1.92,10.71,0.41
E01005848,E01005848 : Stockport 040C,3.42,42.24,49.81,9.96,10.01,99.12718204,11.83,1.97,10.98,0.45
E01005850,E01005850 : Stockport 040D,6.22,32.98,18.83,23.17,31.54,94.07008086,12.01,1.85,10.57,0.46
E01005792,E01005792 : Stockport 041A,1.25,49.34,56.66,1.85,7.61,98.1450253,11.77,1.79,11.01,0.45
E01005794,E01005794 : Stockport 041B,2.64,47.01,43.11,0.8,7.58,99.00199601,11.74,1.84,11.06,0.42
E01005923,E01005923 : Stockport 041C,1.85,52.61,67.99,0.99,3.14,99.50738916,10.5,1.79,10.7,0.52
E01005931,E01005931 : Stockport 041D,2.88,49.49,38.64,2.84,12.4,96.20853081,11.04,1.7,10.71,0.5
E01005924,E01005924 : Stockport 042A,2.7,53.45,31.75,2.09,9.33,98.47908745,10.7,1.69,10.55,0.35
E01005925,E01005925 : Stockport 042B,4.65,48.03,51.06,5.89,17.9,98.02955665,10.09,1.64,10.44,0.5
E01005926,E01005926 : Stockport 042C,2.66,51.92,65.89,10.71,9.45,98.48308051,9.58,1.73,10.29,0.58
E01005932,E01005932 : Stockport 042D,3.24,50.6,60.84,0.19,6.08,99.23664122,10.04,1.61,10.42,0.45
E01006053,E01006053 : Tameside 001A,3.12,39.05,18.3,40.14,18.99,97.63313609,11.08,1.82,10.92,0.42
E01006054,E01006054 : Tameside 001B,5.44,27.68,8.93,33.13,42.33,94.91315136,12,1.89,11.41,0.46
E01006055,E01006055 : Tameside 001C,5.18,39.27,9.28,68.26,26.38,95.65846599,11.42,1.8,11.06,0.44
E01006057,E01006057 : Tameside 001D,3.83,34.34,8.98,49.55,19.26,97.19764012,11.29,1.9,11.07,0.39
E01006058,E01006058 : Tameside 001E,6.02,31.41,10.68,50.73,44.22,95.77603143,11.86,1.9,11.37,0.37
E01006059,E01006059 : Tameside 001F,5.41,33.73,6.49,54.43,23.1,95.57661927,13.03,2.2,11.59,0.38
E01005938,E01005938 : Tameside 002A,6.91,24.19,19.6,12.65,35.65,94.42724458,14.02,2.11,12.27,0.59
E01005939,E01005939 : Tameside 002B,4.47,30.93,60,0.83,13.13,95.625,15.75,2.19,12.99,0.39
E01005940,E01005940 : Tameside 002C,3.38,26.21,35.86,3.87,22.39,96.47651007,16.28,2.24,12.99,0.37
E01005955,E01005955 : Tameside 002D,2.85,31.89,36.92,1.28,12.02,96.63461538,16.81,2.29,12.99,0.41
E01006056,E01006056 : Tameside 003A,9.69,19.32,2.19,15.94,69.18,94.4333996,9.91,1.68,10.9,0.53
E01006061,E01006061 : Tameside 003B,6.76,25.32,24.08,37.14,45.36,91.93877551,12.48,2.46,11.23,0.49
E01006062,E01006062 : Tameside 003C,2.68,31.42,38.64,22.59,12.45,98.27160494,10.13,1.73,10.21,0.46
E01006063,E01006063 : Tameside 003D,4.37,29.86,12.15,14.96,11.8,96.3028169,16.3,3.28,12.34,0.52
E01005936,E01005936 : Tameside 004A,3.91,28.74,38.82,16.93,19.84,96.27906977,14.48,2.35,12.6,0.42
E01005937,E01005937 : Tameside 004B,7.78,25.11,16.62,33.24,44.52,92.25352113,14.34,2.4,12.34,0.44
E01005945,E01005945 : Tameside 004C,9.99,19.43,5.86,27.83,56.93,86.68442077,17.46,2.8,13.11,0.45
E01005946,E01005946 : Tameside 004D,6.28,23.1,9.81,53.97,43.64,90.46242775,18.25,2.48,13.29,0.34
E01005947,E01005947 : Tameside 004E,7.52,19.9,3.81,70.73,64.45,86.16891065,18.73,2.49,13.29,0.21
E01005954,E01005954 : Tameside 005A,4.83,17.86,3.68,30.13,51.77,93.832021,16.39,2.16,13.14,0.42
E01005956,E01005956 : Tameside 005B,3.18,22.45,15.9,23.08,17.86,94.18803419,16.26,2.24,12.96,0.46
E01005957,E01005957 : Tameside 005C,3.5,25.39,11.9,38.42,25.16,92.30769231,17.58,2.37,13.07,0.31
E01005958,E01005958 : Tameside 005D,8.8,17.93,1.92,35.69,55.67,89.85294118,17.25,2.35,12.96,0.43
E01005959,E01005959 : Tameside 005E,7.56,18.75,3.43,14.56,49.25,86.69410151,16.83,2.31,12.85,0.4
E01005933,E01005933 : Tameside 006A,7.97,19.57,2.72,3.99,61.41,85.89511754,17.77,2.46,13.29,0.46
E01005934,E01005934 : Tameside 006B,6.78,24.92,8.61,19.94,27.96,94.24920128,18.15,2.47,13.29,0.45
E01005935,E01005935 : Tameside 006C,8.7,20.34,1.57,23.11,67.3,91.50943396,17.29,2.52,13.26,0.44
E01005949,E01005949 : Tameside 006D,8.65,24.3,4.23,61.83,46.33,91.56118143,18.44,2.48,13.29,0.27
E01005960,E01005960 : Tameside 006E,7.27,20.54,2.86,51.56,59.4,87.63586957,18.64,2.49,13.29,0.33
E01005941,E01005941 : Tameside 007A,6.79,19.17,3.23,58.97,60.75,84.81338481,18.73,2.49,13,0.25
E01005942,E01005942 : Tameside 007B,4.73,26.66,3.82,35.5,23.45,94.49929478,18.36,3.07,12.83,0.37
E01005943,E01005943 : Tameside 007C,5.36,25.73,4.59,60,40.45,95.17078916,18.36,3.07,12.83,0.32
E01005944,E01005944 : Tameside 007D,3.48,33.74,24.17,18.37,19.23,95.9833795,17.36,2.92,13.05,0.33
E01006060,E01006060 : Tameside 008A,7.38,23.7,3.23,41.49,61.18,94.092827,17.41,3.77,12.4,0.39
E01006064,E01006064 : Tameside 008B,7.26,18.95,2.51,32.96,64.71,94.125,17.33,3.39,12.79,0.5
E01006065,E01006065 : Tameside 008C,8.57,19.98,3.52,51.86,57.42,87.3046875,17.99,3.66,12.66,0.46
E01006066,E01006066 : Tameside 008D,6.83,24.03,3.31,63.41,41.69,93.8538206,17.99,3.66,12.35,0.3
E01006067,E01006067 : Tameside 009A,3.11,27.85,21.7,23.05,13.8,97.7027027,15.43,3.32,12.31,0.39
E01006068,E01006068 : Tameside 009B,5.09,25.95,5.7,54,57.32,93.23671498,16.07,3.41,12.09,0.29
E01006069,E01006069 : Tameside 009C,4.8,21.41,14.63,31.39,48.23,94.47592068,12.86,2.69,11.53,0.46
E01006073,E01006073 : Tameside 009D,4.97,23.36,9.42,35.5,49.88,93.29268293,9.82,1.73,10.27,0.48
E01005993,E01005993 : Tameside 010A,5.99,24,16.78,31.41,21.82,97.03459638,15.48,2.3,12.78,0.36
E01005995,E01005995 : Tameside 010B,3.32,27.11,57.09,6.8,6.98,97.2815534,16.18,2.29,13.14,0.42
E01005996,E01005996 : Tameside 010C,6.18,23.23,10.14,36.8,36.28,94.61827284,15.67,2.35,12.97,0.35
E01005997,E01005997 : Tameside 010D,3.88,21.65,5.39,26.82,33.72,92.65785609,15.68,2.35,13.08,0.32
E01006000,E01006000 : Tameside 010E,7.07,24.42,2.14,25.53,61.28,91.76470588,15.67,2.36,13.19,0.34
E01005994,E01005994 : Tameside 011A,5.91,21.24,9.72,36.74,34.81,96.36963696,15.71,2.36,13.08,0.4
E01005999,E01005999 : Tameside 011B,6.11,28.3,1.83,50.27,52.52,93.31896552,16.04,2.37,13.26,0.32
E01006002,E01006002 : Tameside 011C,6.2,21.33,4.6,7.43,28.42,94.31616341,15.71,2.36,13.15,0.35
E01006004,E01006004 : Tameside 011D,4.01,23.11,11.09,1.47,16.48,96.90553746,15.71,2.36,13.08,0.29
E01006005,E01006005 : Tameside 011E,7.81,17.47,2.08,20.93,62.42,92.01277955,15.74,2.27,13.07,0.41
E01006007,E01006007 : Tameside 011F,5.9,21.77,10.77,35.38,34.98,94.90740741,15.72,2.31,13.11,0.39
E01005998,E01005998 : Tameside 012A,6.55,23.52,8.22,31.17,32.28,92.4403183,16.46,2.35,13.3,0.28
E01006001,E01006001 : Tameside 012B,4.93,21.92,3.11,17.42,27.44,94.40993789,16.01,2.28,13.17,0.28
E01006003,E01006003 : Tameside 012C,8.17,22.84,5.06,30.22,28.75,93.19620253,16.12,2.32,13.23,0.3
E01006006,E01006006 : Tameside 012D,5.53,22.18,5.67,22,15.83,94.35215947,15.95,2.25,13.03,0.36
E01005948,E01005948 : Tameside 013A,14.76,20.75,1.62,26.34,84.56,86.4334471,18.1,2.47,13.12,0.14
E01005950,E01005950 : Tameside 013B,9.67,19.32,6.86,63.96,50.23,73.79095164,17.51,2.42,13.49,0.19
E01005951,E01005951 : Tameside 013C,7.69,21.5,3.45,68.7,53.77,86.18857902,16.81,2.61,13.55,0.21
E01005953,E01005953 : Tameside 013E,8.54,19.78,3.77,57.42,64.84,83.86363636,17.47,2.59,13.95,0.25
E01033949,E01033949 : Tameside 013F,17.98,20.08,3.21,9.63,94.42,91.17147708,18.55,2.5,14.07,0.21
E01033950,E01033950 : Tameside 013G,12.06,22.45,3.95,19.88,89.59,92.37536657,17.44,2.64,13.53,0.29
E01005961,E01005961 : Tameside 014A,4.06,37.34,24.37,17.33,16.41,96.75967597,15.85,2.54,13.79,0.34
E01005962,E01005962 : Tameside 014B,5.43,26.86,8.39,16.78,19.43,92.11409396,15.57,2.49,13.5,0.39
E01005968,E01005968 : Tameside 014C,5.45,25.45,11.04,8.77,15.75,94.78827362,15.6,2.49,13.43,0.36
E01005969,E01005969 : Tameside 014D,5.24,25.43,9.35,25.04,17.4,95.76719577,15.61,2.45,13.4,0.32
E01006022,E01006022 : Tameside 015A,7.68,26.79,4.79,26.17,55.67,96.44913628,14.26,2.59,11.5,0.23
E01006023,E01006023 : Tameside 015B,6.78,18.95,7.21,27.49,63.97,92.27895392,17.65,3.31,12.3,0.33
E01006070,E01006070 : Tameside 015C,4.2,33.62,20.03,61.39,22.98,95.95469256,13.85,2.49,11.48,0.26
E01006071,E01006071 : Tameside 015D,3.93,34.75,78.71,5.76,9.04,98.56527977,11.93,1.96,11.42,0.47
E01006072,E01006072 : Tameside 015E,3.3,40.71,61.25,18.03,7.15,98.80239521,11.37,1.87,10.99,0.46
E01006009,E01006009 : Tameside 016A,5.94,23.9,6.66,62.63,28.21,97.26962457,17.76,2.88,12.61,0.34
E01006017,E01006017 : Tameside 016B,2.48,30.29,21.82,12.18,7.29,98.36660617,12.39,2.06,11.64,0.42
E01006018,E01006018 : Tameside 016C,2.13,25,39.18,14.18,7.65,97.51332149,16.34,2.99,12.11,0.41
E01006021,E01006021 : Tameside 016D,3.08,22.4,7.95,52.65,27.27,93.88429752,17.17,2.69,12.54,0.34
E01006008,E01006008 : Tameside 017A,5.24,22.5,10.28,53.51,33.5,94.77977162,16.97,2.78,12.4,0.32
E01006010,E01006010 : Tameside 017B,5.89,17.58,2.14,64.73,61.59,87.9389313,17.86,2.67,12.73,0.27
E01006012,E01006012 : Tameside 017C,4.16,22.87,9.8,41.33,35.71,95.48306148,17.81,2.68,12.41,0.37
E01006015,E01006015 : Tameside 017D,3.3,31.81,56.02,21.22,10.75,96.5583174,17.35,2.78,12.26,0.39
E01006016,E01006016 : Tameside 017E,8.96,19.46,3.96,28.79,75.34,92.56756757,17.86,2.67,12.73,0.31
E01006011,E01006011 : Tameside 018A,6.13,16.39,2.16,17.39,60.14,92.94964029,17.35,2.78,12.26,0.43
E01006013,E01006013 : Tameside 018B,6.21,22.29,17.49,31.45,29.53,95.03546099,17.17,2.69,12.6,0.39
E01006014,E01006014 : Tameside 018C,5.16,21.6,14.94,30.91,40.42,93.15352697,17.35,2.78,12.26,0.42
E01006019,E01006019 : Tameside 018D,7.35,18.94,7.49,12.29,65.44,95.20884521,14.69,2.33,12.17,0.49
E01006020,E01006020 : Tameside 018E,5.18,17.86,10.22,27.64,33.12,94.7284345,15.22,2.42,12.3,0.45
E01005963,E01005963 : Tameside 019A,4.94,26.25,6.16,37.17,18.4,95.07186858,15.47,2.77,14.06,0.33
E01005964,E01005964 : Tameside 019B,4.85,25.4,15.81,55.32,25.04,94.05487805,15.47,2.77,14.08,0.32
E01005965,E01005965 : Tameside 019C,5.38,24.89,6.15,40.03,43.98,94.10288582,16.41,2.77,13.15,0.36
E01005966,E01005966 : Tameside 019D,6.72,23.78,9.28,35.52,43.57,90.73482428,15.47,2.77,14.62,0.35
E01005967,E01005967 : Tameside 019E,7.52,19.46,7.32,15.77,64.08,91.69014085,15.47,2.77,14.08,0.38
E01006031,E01006031 : Tameside 020A,5.25,23.55,13.87,37.57,47.44,92.43070362,16.82,2.58,12.71,0.35
E01006032,E01006032 : Tameside 020B,5.94,22.4,3.17,41.33,48.67,94.16666667,16.37,2.41,12.53,0.43
E01006033,E01006033 : Tameside 020C,6.09,21.91,5.56,54.49,38.4,93.69482976,16.69,2.53,12.44,0.33
E01006034,E01006034 : Tameside 020D,5.54,23.09,11.41,23.47,47.09,96.01293103,14.69,2.33,12.46,0.42
E01006035,E01006035 : Tameside 020E,4.7,24.6,5.7,39.49,44.07,95.36489152,16.04,2.37,12.74,0.37
E01006036,E01006036 : Tameside 020F,6.31,23.52,9.93,44.98,53.01,92.08025343,16.37,2.47,12.62,0.39
E01005970,E01005970 : Tameside 021A,4.33,24.18,55.32,2.47,13.58,96.61016949,16.67,2.68,13.51,0.37
E01005972,E01005972 : Tameside 021B,7.53,19.96,2.36,58.06,46.91,93.14888011,16.83,2.61,15.12,0.23
E01005974,E01005974 : Tameside 021C,6.49,21.75,5.24,47.87,48.05,93.78806334,17.28,2.59,14.15,0.14
E01005975,E01005975 : Tameside 021D,6.15,22.62,1.88,49.86,48.27,91.61849711,18.19,2.45,14.65,0.32
E01006024,E01006024 : Tameside 022A,3.44,33.42,56.33,8.15,6.1,98.54227405,12.19,1.93,11.15,0.52
E01006026,E01006026 : Tameside 022B,4.46,25.14,8.59,57.3,38.72,93.1880109,13.12,2,11.58,0.38
E01006037,E01006037 : Tameside 022C,3.82,27.16,26.27,20.58,7.07,98.30769231,13.38,2.1,12.09,0.37
E01006038,E01006038 : Tameside 022D,4.44,22.16,8.27,23.16,18.85,94.87951807,14.42,2.19,12.19,0.43
E01006047,E01006047 : Tameside 023A,3.55,29.44,18.41,42.4,26.69,95.59322034,10.49,2.33,10.67,0.46
E01006048,E01006048 : Tameside 023B,3.89,32.64,33.95,28.16,25.86,96.83377309,10.67,1.75,11,0.47
E01006049,E01006049 : Tameside 023C,4.66,28.25,12.88,47.17,32.2,96.07843137,10.34,1.92,10.54,0.47
E01006051,E01006051 : Tameside 023D,4.67,41.11,23.03,49.24,25,94.78021978,9.79,1.71,10.31,0.6
E01005985,E01005985 : Tameside 024A,2.54,23.41,3.6,5.32,13.26,97.55043228,15.86,2.4,13.53,0.36
E01005987,E01005987 : Tameside 024B,2.93,21.74,3.29,2.43,10.3,95.28571429,15.93,2.4,13.09,0.36
E01005988,E01005988 : Tameside 024C,4.26,28.3,3.44,5.79,15.34,98.11912226,15.54,2.32,12.99,0.31
E01005990,E01005990 : Tameside 024D,3.62,23.14,4.15,3.83,16.64,97.12460064,17.18,2.4,14.17,0.37
E01005991,E01005991 : Tameside 024E,5.09,27.57,5.31,37.46,22.67,97.12460064,16.06,2.32,13.49,0.3
E01005971,E01005971 : Tameside 025A,6.15,18.85,5.36,27.44,32.91,96.06299213,16.83,2.61,14.87,0.3
E01005986,E01005986 : Tameside 025B,4.19,18.54,2.43,20.79,30.47,95.65217391,17.14,2.35,14.22,0.4
E01005989,E01005989 : Tameside 025C,4.13,23.36,18.61,12.08,10.67,98.41269841,16.08,2.28,13.77,0.37
E01005992,E01005992 : Tameside 025D,4.44,20.66,1.54,53.75,40.1,95.03424658,17.14,2.35,14.22,0.18
E01005973,E01005973 : Tameside 026A,4.68,24.74,12.19,11.19,16.25,97.5,16.33,2.45,12.47,0.37
E01005976,E01005976 : Tameside 026B,5.68,15.81,2.71,36.68,50.88,90.59011164,17.01,2.37,13.61,0.44
E01005977,E01005977 : Tameside 026C,4.27,20.64,2.56,50.6,19.13,96.98795181,17.01,2.37,13.61,0.36
E01005978,E01005978 : Tameside 026D,7.28,17.93,1.17,13.67,50.08,93.67720466,13.86,2.11,11.95,0.48
E01006025,E01006025 : Tameside 027A,6.03,22.72,9.85,57.67,49.55,92.83887468,11.77,1.85,11.27,0.5
E01006027,E01006027 : Tameside 027B,5.41,21.81,8.67,49.9,49.25,94.22310757,10.85,1.77,10.57,0.48
E01006050,E01006050 : Tameside 027C,6.66,13.84,3.96,60.03,69.94,90.38461538,10.19,1.71,10.5,0.47
E01006052,E01006052 : Tameside 027D,6.76,16.82,9.49,53.77,55.78,93.38345865,10.58,1.74,10.8,0.47
E01006028,E01006028 : Tameside 028A,8.15,17.88,3.46,43.08,66.11,91.65739711,14.22,2.18,12.26,0.13
E01006029,E01006029 : Tameside 028B,6.8,22.57,14.03,60.17,44.2,84.61538462,12.88,2.11,11.95,0.26
E01006030,E01006030 : Tameside 028C,6.75,21.37,7.55,36.24,43.39,91.66666667,11.44,1.94,11.25,0.46
E01006039,E01006039 : Tameside 028D,8.19,23.2,7.73,43.71,42.16,82.81938326,12.67,2.32,12.07,0.37
E01006040,E01006040 : Tameside 028E,8.6,20.35,4.91,55.47,52.14,82.06349206,14.56,2.21,12.44,0.19
E01006041,E01006041 : Tameside 028F,7.64,21.82,3.45,80.17,35.86,88.42857143,12.19,2.05,12.05,0.2
E01005979,E01005979 : Tameside 029A,4.99,20.91,10.91,27.21,34.93,96.12903226,14.02,2.31,12.15,0.44
E01005980,E01005980 : Tameside 029B,7.37,19.1,3.76,35.84,46.31,92.17527387,16.32,2.34,12.88,0.49
E01005981,E01005981 : Tameside 029C,5.22,19.8,3.87,47.69,56,90.76154806,16.71,2.35,13.25,0.49
E01005982,E01005982 : Tameside 029D,6.49,22.37,14.79,31.16,39.61,91.53439153,16.8,2.31,14.3,0.5
E01005983,E01005983 : Tameside 029E,4.22,25.95,24.24,23.66,13.26,98.26086957,15.31,2.29,12.3,0.42
E01005984,E01005984 : Tameside 029F,7.63,18.67,2.97,34.9,72.22,94.68479604,16.6,2.33,13.4,0.54
E01006042,E01006042 : Tameside 030A,2.13,34.87,11.21,36.82,27.22,96.43296433,11.66,2,12.12,0.4
E01006043,E01006043 : Tameside 030B,5.47,21.25,4.13,34.38,28.71,92.54966887,12.16,2.16,12.1,0.45
E01006044,E01006044 : Tameside 030C,4.08,28.06,20.46,23.85,19.88,94.9695122,12.59,2.3,12.24,0.54
E01006045,E01006045 : Tameside 030D,3.63,38.21,44.57,6.37,6.19,97.37335835,10.33,1.93,10.96,0.61
E01006046,E01006046 : Tameside 030E,2.37,29.48,4.78,21.05,12.6,97.61146497,11.59,2.15,12.2,0.35
E01006109,E01006109 : Trafford 001A,13.45,23.95,2.25,22.14,85.37,88.36772983,17.13,2.35,13.23,0.4
E01006110,E01006110 : Trafford 001B,6.31,41.77,1.22,86.91,39.02,92.54185693,17.26,2.3,12.83,0.25
E01006111,E01006111 : Trafford 001C,14.3,29.12,4.16,72.15,68.47,85.76576577,17.26,2.3,12.83,0.21
E01006112,E01006112 : Trafford 001D,9.66,32.59,3.99,54.35,64,86.75213675,17.26,2.3,12.83,0.27
E01006188,E01006188 : Trafford 001F,7.25,48.76,2.04,43,58.8,87.6747141,17.16,2.33,12.85,0.28
E01034000,E01034000 : Trafford 001G,10.28,59.23,0.13,0.93,91.34,82.31382979,18.84,2.54,13.17,0.24
E01034001,E01034001 : Trafford 001H,10.01,37.19,1.8,20.92,67.99,87.05128205,17.16,2.33,12.85,0.37
E01006116,E01006116 : Trafford 002A,4.61,35.17,10.99,24.58,13.04,98.13780261,14.24,2.07,12.43,0.45
E01006117,E01006117 : Trafford 002B,3.82,36.64,21.56,0.47,9.08,98.12206573,15.23,2.2,12.07,0.49
E01006118,E01006118 : Trafford 002C,5.09,29.6,5.23,7.32,35.87,97.30538922,15.25,2.14,12.84,0.48
E01006119,E01006119 : Trafford 002D,4.09,34.73,9.02,1.11,10.95,98.10126582,15.23,2.2,12.27,0.4
E01006121,E01006121 : Trafford 002E,4.68,25.81,0.5,19.77,19.6,98.15436242,16.65,2.41,13.24,0.14
E01006141,E01006141 : Trafford 003A,7.76,37.09,3.72,10.85,29.21,96.28482972,16.1,2.08,13,0.44
E01006186,E01006186 : Trafford 003B,7.21,40.49,1.9,27.03,53.75,90.49630412,17.07,2.32,13.07,0.3
E01006187,E01006187 : Trafford 003C,5.67,37.84,1.75,67.4,44.65,93.68974584,16.7,2.32,13.02,0.22
E01006189,E01006189 : Trafford 003D,5.97,35.44,3.55,34.3,35.12,94.41460795,16.77,2.11,13.3,0.36
E01006113,E01006113 : Trafford 004A,5.29,42.69,6.98,2.96,19.28,94.06779661,15.49,2.13,12.7,0.4
E01006114,E01006114 : Trafford 004B,7.64,37.66,5.98,8.26,42.96,92.78169014,15.38,2.11,12.66,0.42
E01006115,E01006115 : Trafford 004C,7.04,46.38,4.56,1.52,37.23,91.37055838,15.41,2.11,12.71,0.46
E01006145,E01006145 : Trafford 004D,8.96,33.52,4.47,21.22,60.42,88.46153846,16.93,2.31,12.96,0.39
E01006146,E01006146 : Trafford 004E,6.29,45.16,2.96,0.78,18.91,96.42857143,15.91,2.04,12.95,0.42
E01006122,E01006122 : Trafford 005A,2.96,31.2,15.9,4.58,11.98,98.65410498,13.38,2.05,12.43,0.44
E01006123,E01006123 : Trafford 005B,2.65,37.99,39.54,16.92,15.69,98.61325116,13.69,2.03,12.67,0.5
E01006124,E01006124 : Trafford 005C,2.88,40.8,57.5,1.15,6.85,98.52216749,13.38,2.15,12.55,0.5
E01006128,E01006128 : Trafford 005D,2.82,44.13,9.81,14.14,16.56,98.34183673,12.69,2.14,11.79,0.47
E01006131,E01006131 : Trafford 005E,4.31,40.06,24.72,4.15,16.21,98.23434992,11.88,2.08,11.74,0.49
E01006155,E01006155 : Trafford 006A,4.09,33.86,3.76,13.35,18.97,98.0474198,15.7,2.17,12.51,0.41
E01006157,E01006157 : Trafford 006B,4.04,36.67,1.37,6.87,21.34,95.12937595,17.06,2.36,13.17,0.24
E01006159,E01006159 : Trafford 006C,5.66,28.31,0.71,33.81,45.33,89.36170213,16.1,2.16,12.87,0.41
E01006182,E01006182 : Trafford 006D,5.59,38.45,14.19,0.34,10.75,96.76320273,16.53,2.14,13.18,0.39
E01006183,E01006183 : Trafford 006E,4.11,38.1,17.38,5.69,16.22,96.66666667,16.73,1.93,13.59,0.41
E01006125,E01006125 : Trafford 007A,4.68,31.85,12.99,5.92,17,97.86535304,13.66,2.11,12.98,0.47
E01006126,E01006126 : Trafford 007B,5.42,23.54,2.41,42.7,41.1,94.50402145,13.15,2.24,12.11,0.51
E01006127,E01006127 : Trafford 007C,5.13,28.68,19.06,4.2,13.73,96.44588045,13.92,3.26,12.41,0.45
E01006130,E01006130 : Trafford 007D,3.08,38.23,8.65,16.62,16.37,96.3562753,12.82,2.21,11.84,0.44
E01006132,E01006132 : Trafford 007E,3.03,37.31,17.19,12.44,25.6,97.17682021,12.35,2.74,11.69,0.52
E01006156,E01006156 : Trafford 008A,6.43,30.61,15.93,11.05,35.16,95.40889527,15.5,2.1,12.43,0.45
E01006158,E01006158 : Trafford 008B,7.01,29.12,1.4,11.04,46.89,93.90862944,15.89,2.29,12.99,0.39
E01006179,E01006179 : Trafford 008C,4.77,35.17,4.23,14.22,50.29,93.76470588,15.8,1.99,13.06,0.44
E01006184,E01006184 : Trafford 008D,6.17,33.41,7.28,4.37,37.14,95.11228534,14.67,2.04,12.41,0.5
E01006198,E01006198 : Trafford 009A,4.26,37.78,6.96,31.11,36.95,94.28571429,14.29,2.13,11.83,0.41
E01006199,E01006199 : Trafford 009B,6.73,36.7,2.55,41.74,44.16,96.77852349,14.88,2.19,11.85,0.47
E01006200,E01006200 : Trafford 009C,4.2,33.86,19.47,12.15,37.63,89.32748538,12.08,1.92,11.57,0.47
E01006201,E01006201 : Trafford 009D,3.65,45.55,5.18,41.31,31.24,88.78648233,13.13,2.06,11.79,0.38
E01006202,E01006202 : Trafford 009E,3.88,43.9,14.66,8.73,34.76,92.25700165,12.16,1.95,11.76,0.23
E01006120,E01006120 : Trafford 010A,2.04,40.6,30.95,0.54,9.12,98.74776386,14.17,2.16,11.81,0.47
E01006129,E01006129 : Trafford 010B,3.34,29.97,14.38,14.06,36.73,97.95597484,12.14,2.08,11.61,0.48
E01006133,E01006133 : Trafford 010C,4.33,31.85,5.86,1.08,6.62,97.84283513,11.81,1.99,11.9,0.48
E01006197,E01006197 : Trafford 010D,4.27,45.38,7.36,27.76,16.61,98.1512605,13.13,2.07,11.78,0.46
E01006203,E01006203 : Trafford 010E,2.77,43.41,16.63,2.51,8.3,98.65125241,11.71,1.91,11.76,0.48
E01006142,E01006142 : Trafford 011A,6.06,39.86,8.23,7.57,32.45,95.88313413,17.03,2.01,13.36,0.48
E01006143,E01006143 : Trafford 011B,5.14,53.99,5.6,7.76,27.01,95.68965517,16.9,1.97,13.21,0.47
E01006144,E01006144 : Trafford 011C,7.01,33.89,2.89,37.86,64.16,93.36219336,16.9,1.97,13.21,0.34
E01006180,E01006180 : Trafford 011D,3.17,44.86,2.17,70.5,36.73,95.78544061,16.81,2.09,13.35,0.29
E01006181,E01006181 : Trafford 011E,5.1,34.72,3.66,5.95,29.4,93.09815951,16.53,2.14,13.18,0.39
E01006147,E01006147 : Trafford 012A,2.74,47.98,8.49,19.81,8.71,99.05482042,13.17,1.96,11.98,0.45
E01006149,E01006149 : Trafford 012B,4.34,48.22,7.84,22.64,32.31,97.81021898,14.33,2.05,12.53,0.41
E01006150,E01006150 : Trafford 012C,4.65,48.54,6.71,10.75,38.15,95.02890173,12.82,1.93,11.95,0.45
E01006154,E01006154 : Trafford 012D,2.93,55.17,19.58,40.21,22.76,96.82299546,13.85,2.01,12.24,0.38
E01006165,E01006165 : Trafford 012E,4.42,49.72,1.98,51.65,42.12,95.39473684,15.54,2.02,12.65,0.33
E01006166,E01006166 : Trafford 013A,4.77,32.5,13.99,30.49,33.77,94.55882353,12,1.87,11.57,0.5
E01006169,E01006169 : Trafford 013B,3.8,35.84,12.8,14.16,17.39,97.43975904,12.01,1.89,11.66,0.41
E01006170,E01006170 : Trafford 013C,5.41,39.89,7.96,23.01,23.19,97.34513274,12.01,1.89,11.66,0.46
E01006171,E01006171 : Trafford 013D,6.57,24.15,1.56,44.46,50.39,95.68627451,12,1.87,11.44,0.49
E01006098,E01006098 : Trafford 014A,3.59,60.66,46.48,1.56,8.61,98.828125,13.11,1.93,11.93,0.48
E01006099,E01006099 : Trafford 014B,5.1,50.38,14.96,20.99,19.67,98.35466179,13.26,1.92,11.86,0.42
E01006164,E01006164 : Trafford 014C,3.73,46.93,12.12,4.13,20.94,97.93103448,15.91,1.97,12.74,0.51
E01006174,E01006174 : Trafford 014D,3.54,49.97,8.96,19.14,29.24,97.3006135,13.85,2,12.64,0.45
E01006178,E01006178 : Trafford 014E,4.15,47.39,14.45,29.69,21.2,98.56957087,14.72,1.99,12.86,0.46
E01006097,E01006097 : Trafford 015A,3.75,52.59,21.91,8.23,33.33,97.20873786,13.11,1.93,11.93,0.56
E01006160,E01006160 : Trafford 015B,5.09,48.56,2.38,13.83,57.44,91.48351648,13.64,1.99,12.26,0.25
E01006161,E01006161 : Trafford 015C,4.12,57.57,8.25,12.7,36.44,96.19047619,13.64,1.99,12.26,0.34
E01006162,E01006162 : Trafford 015D,3.04,60.33,9.38,25.15,23.7,96.44444444,12.94,1.94,12,0.5
E01006163,E01006163 : Trafford 015E,3.11,57.38,5.03,60.25,34.72,96.4504284,12.94,1.94,12,0.39
E01006148,E01006148 : Trafford 016A,3.13,51.12,30.26,4.24,24.27,97.36842105,12,1.87,11.57,0.57
E01006151,E01006151 : Trafford 016B,2.86,53.29,54.06,1.24,8.66,97.70318021,12.47,1.92,11.77,0.53
E01006152,E01006152 : Trafford 016C,3.95,54.75,77.71,2.42,6.62,98.38449111,12.7,1.94,11.8,0.55
E01006153,E01006153 : Trafford 016D,4.6,46.8,34.93,1.28,11.64,99.36102236,12.93,1.96,11.83,0.44
E01006172,E01006172 : Trafford 016E,4.79,39.28,33.74,7.4,16.82,98.30508475,12,1.87,11.57,0.49
E01006104,E01006104 : Trafford 017A,4.07,21.99,10.84,19.81,23.03,97.86950732,10.82,2.19,11.54,0.44
E01006105,E01006105 : Trafford 017B,8.17,18.13,3.7,61.98,63.85,94.65875371,10.2,1.98,11.54,0.5
E01006106,E01006106 : Trafford 017C,5.53,17.87,5.52,36.96,34.72,97.32441472,10.67,2.3,11.95,0.47
E01006107,E01006107 : Trafford 017D,5.95,20,6.57,33.86,44.21,97.42857143,11.2,2.19,11.55,0.51
E01006108,E01006108 : Trafford 017E,11.31,18.32,5.26,61.72,76.92,90.67524116,9.93,1.94,11.73,0.48
E01006102,E01006102 : Trafford 018A,2.81,47.05,13.13,16.11,25.52,98.24868651,13.57,1.91,11.85,0.44
E01006173,E01006173 : Trafford 018B,2.44,42.82,4.96,4.79,11.53,98.51729819,13.87,1.94,12.3,0.41
E01006175,E01006175 : Trafford 018C,8.11,26.73,2.02,55.38,57.66,90.68825911,14.48,1.96,12.73,0.52
E01006176,E01006176 : Trafford 018D,3.41,39.8,15.17,20.28,22.93,95.31680441,15.61,1.92,12.88,0.47
E01006177,E01006177 : Trafford 018E,6.67,29.21,7.99,31.78,48.59,93,14.14,1.9,11.89,0.49
E01006091,E01006091 : Trafford 019A,3.83,50.79,14.61,22.47,25.32,96.44714038,11.51,1.8,11.42,0.45
E01006092,E01006092 : Trafford 019B,8.2,25.08,5.36,42.86,58.17,91.98396794,11.4,1.73,11.05,0.29
E01006095,E01006095 : Trafford 019C,4.68,44.98,12.15,7.47,10.38,98.39181287,11.42,1.83,11.36,0.51
E01006167,E01006167 : Trafford 019D,7.09,24.56,10.9,35.59,68.28,93.63762102,12.7,1.94,11.8,0.5
E01006168,E01006168 : Trafford 019E,9.05,24.22,3.27,52.52,73.43,91.13233288,11.44,1.8,11.41,0.5
E01006090,E01006090 : Trafford 020A,4.13,43.59,5.45,11.6,32.69,97.07366297,13.3,1.92,11.64,0.39
E01006094,E01006094 : Trafford 020B,3.7,47.51,32.44,0.84,9.6,97.98319328,13.4,2,11.9,0.42
E01006096,E01006096 : Trafford 020C,2.28,51.32,14.49,1.92,14.81,98.43205575,13.4,2,11.77,0.42
E01006100,E01006100 : Trafford 020D,3.89,47.37,15.67,1.5,22.96,98.5,12.78,1.94,11.91,0.46
E01006103,E01006103 : Trafford 020E,2.49,51.02,8.82,0.67,8.8,98.83527454,13.4,2,11.9,0.46
E01006101,E01006101 : Trafford 021A,4.05,52.96,20.44,0.55,4.94,99.63436929,12.83,1.94,11.89,0.52
E01006190,E01006190 : Trafford 021B,3.39,49.92,15.11,1.09,7.79,99.06542056,12.79,1.9,11.61,0.51
E01006195,E01006195 : Trafford 021C,3.75,43.5,9.9,0.6,7.82,99.85007496,13.19,1.98,11.77,0.42
E01006196,E01006196 : Trafford 021D,3.83,43.48,5.01,11.05,7.79,98.97058824,12.99,1.95,11.76,0.43
E01006210,E01006210 : Trafford 021E,3.77,50.08,17.85,0.32,20.06,98.57594937,13.19,1.93,11.76,0.61
E01006204,E01006204 : Trafford 022A,3.39,43.59,34.89,3.26,19.6,98.15340909,12.5,1.83,11.46,0.49
E01006206,E01006206 : Trafford 022B,5.78,35.53,25.63,24.3,35.24,96.68435013,12.34,1.79,11.39,0.45
E01006207,E01006207 : Trafford 022C,8.62,23.58,1.54,30.94,65.34,94.74358974,11.84,1.7,11.28,0.5
E01006208,E01006208 : Trafford 022D,4.43,34.47,32.43,27.96,33.01,95.98715891,11.86,1.69,11.55,0.48
E01006211,E01006211 : Trafford 022E,5.22,32.33,5.05,13.76,39.02,96.15384615,13.06,1.94,11.73,0.5
E01006093,E01006093 : Trafford 023A,3.47,47.49,6.29,21.29,14.38,98.546042,13.25,1.88,11.64,0.4
E01006191,E01006191 : Trafford 023B,3.57,49.25,6.82,2.02,10.58,99.06832298,12.86,1.86,11.62,0.49
E01006192,E01006192 : Trafford 023C,3.45,44.28,22.56,17.12,9.15,99.19743178,12.27,1.74,11.33,0.47
E01006205,E01006205 : Trafford 023D,2.54,43.34,33.94,2.54,10.93,98.36956522,11.91,1.72,11.25,0.43
E01006209,E01006209 : Trafford 023E,3.41,46.16,39.12,1.42,6.6,98.43014129,11.9,1.69,11.09,0.5
E01006078,E01006078 : Trafford 024A,3.94,54.65,4.46,47.52,43.38,90.39433771,13.25,1.88,11.41,0.33
E01006080,E01006080 : Trafford 024B,3.69,51.12,4.59,31.32,22.64,98.42995169,13.1,1.76,11.19,0.36
E01006089,E01006089 : Trafford 024C,3.93,48.66,10.27,30.32,30.36,96.15861214,13.3,1.92,11.34,0.32
E01006193,E01006193 : Trafford 024D,3.82,52.37,16.24,14.79,13.09,97.58842444,13.1,1.76,11.64,0.46
E01006194,E01006194 : Trafford 024E,3.28,56.46,7.95,60.86,38.67,95.70990807,11.91,1.63,11.07,0.41
E01006074,E01006074 : Trafford 025A,4.54,40.48,14.49,26.59,40.35,94.73684211,9.98,1.53,11,0.54
E01006075,E01006075 : Trafford 025B,3.64,58.31,17.92,5.68,38.15,95.8614052,11.68,1.65,10.94,0.18
E01006076,E01006076 : Trafford 025C,4.91,54.53,16.09,19.29,23.8,96.18226601,11.25,1.61,10.87,0.64
E01006079,E01006079 : Trafford 025D,3.77,64.99,44.68,12.74,25.59,98.48053181,11.77,1.72,11.1,0.5
E01006087,E01006087 : Trafford 025E,2.84,49.83,59.86,10.48,27.48,97.68683274,10.06,1.74,11.32,0.66
E01006083,E01006083 : Trafford 026A,2.37,64.05,39.75,11.59,8.92,98.9626556,10.78,1.52,11.11,0.6
E01006084,E01006084 : Trafford 026B,4.11,67.05,28.19,16.69,12.89,99.05660377,10.82,1.46,11.8,0.56
E01006088,E01006088 : Trafford 026C,3.58,63.99,8.31,60.88,24.77,98.19277108,10.78,1.52,11.01,0.46
E01006139,E01006139 : Trafford 026D,2.82,59.29,15.08,16.34,20.45,99.02097902,11.07,1.56,11.08,0.42
E01006140,E01006140 : Trafford 026E,3.02,56.2,21.09,20.77,20.22,98.72408293,11.35,1.59,11.03,0.5
E01006077,E01006077 : Trafford 027A,5.65,56.57,5.48,45.08,42.71,97.37827715,10.78,1.52,10.98,0.42
E01006081,E01006081 : Trafford 027B,2.73,61.36,79.72,1.59,5.57,98.60557769,11.24,1.47,11.62,0.61
E01006082,E01006082 : Trafford 027C,2.59,61.47,26.67,12,18.72,98.36795252,10.65,1.49,11.42,0.58
E01006085,E01006085 : Trafford 027D,4.21,59.49,26.59,28.5,17.41,98.25396825,10.66,1.47,11.67,0.57
E01006086,E01006086 : Trafford 027E,5.11,50.76,28.75,27.22,27.45,97.70992366,10.75,1.45,11.87,0.56
E01006134,E01006134 : Trafford 028A,3.66,57.41,74.9,3.23,7.21,99.24098672,11.35,1.5,11.68,0.66
E01006135,E01006135 : Trafford 028B,3.58,53.84,65.44,5.38,13.67,98.76923077,11.88,1.59,11.28,0.58
E01006136,E01006136 : Trafford 028C,2.9,56.24,72.9,7.42,12.12,97.58842444,11.69,1.6,11.58,0.57
E01006137,E01006137 : Trafford 028D,2.23,55.85,94.39,1.87,12.27,98.12889813,10.82,1.56,11.1,0.58
E01006138,E01006138 : Trafford 028E,4.29,48.2,29.36,8.97,30.56,97.68934531,12.48,1.67,11.53,0.56
E01006315,E01006315 : Wigan 001A,1.8,37.19,36.42,5.71,10.32,98.45679012,10.15,1.9,12.5,0.46
E01006316,E01006316 : Wigan 001B,3.88,40.76,52.26,11.64,10.45,98.57651246,11.37,1.97,13.53,0.43
E01006317,E01006317 : Wigan 001C,3.82,25.54,11.59,18.76,25.17,97.79310345,10.18,1.88,12.77,0.4
E01006319,E01006319 : Wigan 001D,2.97,39.28,63.7,16.44,17.29,98.46153846,11.26,1.9,13.39,0.43
E01006229,E01006229 : Wigan 002A,4.88,38.05,47.92,20.49,18.34,98.15100154,10.92,2.11,12.9,0.48
E01006230,E01006230 : Wigan 002B,2.94,43.07,57.71,7.07,12.33,98.7224158,10.06,2.01,11.97,0.49
E01006233,E01006233 : Wigan 002C,3.14,45.65,65.07,1.6,4.08,99.46808511,10.64,2.28,12.51,0.49
E01006237,E01006237 : Wigan 002D,3.88,40.28,49.5,10.9,10.03,99.12280702,9.61,1.95,12.36,0.45
E01006238,E01006238 : Wigan 002E,7.07,22.84,3.35,32.04,53.62,93.29758713,10.51,1.89,12.65,0.43
E01006259,E01006259 : Wigan 003A,3.27,30.21,38.99,13.18,21.12,97.64492754,11.13,2.39,13.07,0.47
E01006312,E01006312 : Wigan 003B,4.07,31,37.66,7.53,10.27,99.35897436,11.25,2.13,13.05,0.39
E01006313,E01006313 : Wigan 003C,5.52,32.52,15.62,44.48,41.02,95.93220339,11.76,1.89,13.12,0.46
E01006314,E01006314 : Wigan 003D,3.21,35.31,33.46,6.54,14.23,97.22572509,10.89,2,12.88,0.47
E01006318,E01006318 : Wigan 003E,3.84,29.85,23.66,5.05,7.41,99.36908517,11.33,1.94,13.83,0.4
E01006320,E01006320 : Wigan 003F,1.79,34.56,28.24,6.22,7.64,99.11190053,10.19,2.43,12.89,0.45
E01006321,E01006321 : Wigan 003G,1.66,40.02,48.91,1.31,9.01,99.41605839,10.21,2.14,12.07,0.44
E01006231,E01006231 : Wigan 004A,3.29,34.65,42.97,15.47,13.59,98.28125,10.13,2.11,11.74,0.58
E01006232,E01006232 : Wigan 004B,2.84,40.9,30.3,22.78,17.02,98.52034525,10.35,2.13,12.01,0.61
E01006234,E01006234 : Wigan 004C,5.26,22.13,20.49,17.29,22.7,96.8164794,10.2,2.26,12.41,0.4
E01006235,E01006235 : Wigan 004D,4.44,21.9,10.1,9.82,54.53,95.59032717,10.7,2.25,12.03,0.49
E01006253,E01006253 : Wigan 005A,7.53,19.48,8.14,19.23,42.28,95.99406528,11.26,2.54,13.33,0.39
E01006254,E01006254 : Wigan 005B,9.96,19.18,4.89,25.12,64.05,94.44444444,11.23,2.54,13.19,0.46
E01006255,E01006255 : Wigan 005C,3.3,28.53,16.89,33.03,14.46,98.79154079,12.29,3.16,13.64,0.36
E01006256,E01006256 : Wigan 005D,4.32,25.28,15.77,26.82,40.94,97.4393531,11.52,2.83,13.64,0.39
E01006260,E01006260 : Wigan 005E,7.29,19.33,12.18,29.11,47.88,96.53543307,11.03,2.45,12.97,0.43
E01006370,E01006370 : Wigan 006A,4.78,39.03,6.23,24.5,58.97,91.74603175,13.31,2.62,12.84,0.26
E01006372,E01006372 : Wigan 006B,2.4,48.73,66.11,1.82,8.64,99.69742814,11.29,2.45,12.61,0.53
E01006373,E01006373 : Wigan 006C,3.82,41.79,11.99,20.66,14.69,99.52606635,13.11,2.86,13.18,0.42
E01006374,E01006374 : Wigan 006D,2.3,38.74,12.87,10.36,10.95,99.85185185,13.11,2.86,13.18,0.36
E01006390,E01006390 : Wigan 006E,4.12,22.89,11.57,21.59,38.91,97.13914174,13.07,2.57,12.87,0.39
E01006236,E01006236 : Wigan 007A,2.24,34.7,43.02,23.88,10.36,98.27338129,11.17,2.54,12.78,0.56
E01006388,E01006388 : Wigan 007B,4.99,22.36,15.12,18.09,38.61,97.52168525,11.89,2.53,13.1,0.4
E01006389,E01006389 : Wigan 007C,4.4,24.45,36.29,1.97,23.08,97.43589744,12.58,2.86,14,0.41
E01006391,E01006391 : Wigan 007D,3.19,22.47,10.36,14.56,13.83,97.29323308,12.34,2.68,13.54,0.35
E01006257,E01006257 : Wigan 008A,4.66,30,5.07,65.67,26.78,97.93233083,12.21,3.4,14.31,0.25
E01006258,E01006258 : Wigan 008B,3.93,22.6,15.47,42.9,29.01,98.17158931,12.25,3.28,13.98,0.32
E01006369,E01006369 : Wigan 008C,6.92,24.37,4.12,54.79,64.97,93.67816092,12.91,3.01,13.73,0.22
E01006371,E01006371 : Wigan 008D,5.13,30.83,3.54,78.46,22.58,96.7642527,12.21,3.4,14.31,0.26
E01006375,E01006375 : Wigan 008E,4.15,37.16,6.72,27.42,32.75,97.71505376,13.69,2.93,13.75,0.31
E01006306,E01006306 : Wigan 009A,10.48,15.77,3.25,46.51,74.88,94.47115385,12.32,2.81,13.37,0.3
E01006307,E01006307 : Wigan 009B,7,17.03,12.03,20.43,49.02,95.40229885,12.02,2.66,12.68,0.36
E01006386,E01006386 : Wigan 009C,15.99,14.05,2.36,20.52,87.45,92.06008584,13.1,2.74,13.43,0.42
E01006387,E01006387 : Wigan 009D,5.6,21.25,7.5,52.71,36.82,96.85863874,13.44,2.73,13.55,0.35
E01006392,E01006392 : Wigan 009E,10.37,17.66,5,47.67,68.95,93.5,12.41,2.83,13.52,0.41
E01006350,E01006350 : Wigan 010A,10.96,14.68,3.39,24.25,67.93,90.92140921,12.04,3.19,14.08,0.47
E01006351,E01006351 : Wigan 010B,10.15,17.23,5.06,7.93,80.23,92.53731343,11.82,2.66,13.59,0.45
E01006357,E01006357 : Wigan 010C,10.16,12.21,4.35,28.3,74.81,93.15707621,12.22,2.55,13.56,0.47
E01006360,E01006360 : Wigan 010D,11.93,14.57,5.94,41.88,72.21,94.65317919,12.41,2.19,13.16,0.43
E01006361,E01006361 : Wigan 010E,8.52,15.95,5.6,44.93,65.96,93.49470499,11.83,2.45,13.47,0.41
E01006356,E01006356 : Wigan 011A,6.9,14.42,2.98,26.27,47.82,95.27972028,12.06,2.22,13.31,0.45
E01006396,E01006396 : Wigan 011B,2.79,24.92,41.56,13.58,17,97.83333333,12.21,2.05,13.13,0.4
E01006397,E01006397 : Wigan 011C,7.14,15.19,1.77,41.7,53.79,92.74336283,13.45,2,13.16,0.43
E01006398,E01006398 : Wigan 011D,5.81,16.83,6.37,22.38,47.13,95.90163934,12.17,2.07,13.39,0.4
E01006399,E01006399 : Wigan 011E,4.8,27.31,11.59,38.63,37.71,95.41547278,11.58,2.17,13.42,0.42
E01006305,E01006305 : Wigan 012A,11.61,15.1,4.91,3.57,62.43,95.11111111,11.83,2.65,12.89,0.43
E01006308,E01006308 : Wigan 012B,6.44,16.32,8.3,46.78,54.43,93.68723099,11.56,2.62,12.72,0.3
E01006309,E01006309 : Wigan 012C,7.72,17.68,8.12,40.43,52.09,92.56965944,11.72,2.63,12.79,0.4
E01006310,E01006310 : Wigan 012D,6.94,18.53,4.64,42.76,56.4,94.23347398,11.72,2.51,12.69,0.39
E01006311,E01006311 : Wigan 012E,6.32,16.76,7.23,15.41,45.43,92.44094488,12.44,2.88,13.51,0.45
E01006269,E01006269 : Wigan 013A,5.19,19.79,17.09,23.69,41.81,94.63414634,11.25,2.68,12.63,0.37
E01006271,E01006271 : Wigan 013B,2.69,28.99,25.1,27.77,21.02,97.86096257,11.29,2.7,13.04,0.4
E01006272,E01006272 : Wigan 013C,5.8,20.82,8.3,54.94,40.63,94.61942257,11.13,2.58,12.69,0.32
E01006273,E01006273 : Wigan 013D,7.34,19.98,14.31,40.18,40.4,95.43378995,11.35,2.89,13.17,0.47
E01006276,E01006276 : Wigan 013E,4.61,26.54,34.49,34.27,20.27,97.19416386,10.79,2.49,12.97,0.37
E01006353,E01006353 : Wigan 014A,3.07,21.76,11.48,26.44,25.64,97.88838612,11.85,2.44,13.45,0.34
E01006354,E01006354 : Wigan 014B,6.42,18.63,3.03,34.61,46.74,95.11041009,11.69,2.42,13.35,0.3
E01006355,E01006355 : Wigan 014C,4.65,21.56,6.04,42.59,28.78,96.69064748,11.84,2.35,13.77,0.3
E01006358,E01006358 : Wigan 014D,3.44,18.11,14.21,23.32,41.17,96.86147186,11.71,2.21,13.73,0.31
E01006359,E01006359 : Wigan 014E,5.9,19.77,5.24,36.49,38.82,95.10961214,11.83,2.3,14.02,0.33
E01006349,E01006349 : Wigan 015A,4.46,31.89,7.3,29.39,47.78,96.45669291,12.15,2.93,13.5,0.2
E01006352,E01006352 : Wigan 015B,5.09,24.22,6.67,61.22,41.59,95.84775087,12.09,3.08,13.97,0.31
E01006404,E01006404 : Wigan 015C,5.39,20.16,9.95,46.87,46.79,95.51020408,12.36,2.36,13.31,0.4
E01006405,E01006405 : Wigan 015D,6.02,18.41,12.25,45.83,44.56,94.8035488,12.47,2.46,12.84,0.4
E01006411,E01006411 : Wigan 015E,14.63,17.18,4.92,41.13,74.63,95.5290611,12.48,2.58,13.51,0.44
E01006270,E01006270 : Wigan 016A,8.57,15.74,8.37,7.74,52.05,97.00315457,11.02,2.77,13.13,0.49
E01006274,E01006274 : Wigan 016B,7.12,15.91,3.88,54.18,53.5,89.40298507,10.85,2.54,12.82,0.33
E01006275,E01006275 : Wigan 016C,8.28,14.13,4.53,35.38,63.34,93.71345029,10.91,2.63,13.13,0.46
E01006277,E01006277 : Wigan 016D,4.17,29.2,72.59,6.96,12.72,97.62611276,10.73,2.42,13.04,0.43
E01006286,E01006286 : Wigan 016E,4.44,18.4,7.43,9.43,22.11,98.2832618,10.8,2.52,12.94,0.39
E01006239,E01006239 : Wigan 017A,11.65,17.69,3.41,30.66,65.67,95.4,11.71,2.1,12.28,0.39
E01006240,E01006240 : Wigan 017B,11.11,14.55,2.64,16.36,67.55,90.19933555,11.6,2.09,12.24,0.53
E01006241,E01006241 : Wigan 017C,6.49,27.18,11.98,14.43,41.16,91.10429448,11.54,2.2,12.28,0.42
E01006287,E01006287 : Wigan 017D,3.18,25.96,34.65,0.41,7.05,98.13278008,11.72,1.99,12.33,0.4
E01006289,E01006289 : Wigan 017E,12.13,16.57,4.07,30.09,66.17,95.6736712,11.72,1.99,12.33,0.45
E01006362,E01006362 : Wigan 018A,4.55,32.15,16.87,16.74,12.86,98.49315068,11.88,2,13.31,0.4
E01006363,E01006363 : Wigan 018B,1.86,27.41,7.16,1.97,6.6,99.29971989,11.92,2.18,13.04,0.35
E01006364,E01006364 : Wigan 018C,3.5,31.75,20.96,29.64,35.79,96.37681159,11.26,2.23,13.36,0.41
E01006365,E01006365 : Wigan 018D,3.81,39.48,52.75,18.12,13.78,98.62542955,10.34,2.06,13.32,0.4
E01006366,E01006366 : Wigan 018E,3.11,32.5,17.59,27.7,29.72,97.93103448,10.06,2.06,13.23,0.45
E01006367,E01006367 : Wigan 018F,2.45,35.72,28.46,19.79,9.46,98.05950841,10.03,2.17,13.26,0.43
E01006368,E01006368 : Wigan 018G,3.92,32.94,29.89,18.59,18.96,97.81287971,10.96,2.21,13.4,0.42
E01006278,E01006278 : Wigan 019A,5.37,19.09,5.23,28.86,26.65,96.23655914,10.96,2.27,12.59,0.31
E01006279,E01006279 : Wigan 019B,2.99,25.25,27.07,14.87,11.42,98.43505477,10.96,2.27,12.59,0.32
E01006280,E01006280 : Wigan 019C,5.36,18.53,6.28,23.08,27.7,97.34789392,10.58,2.28,12.65,0.35
E01006281,E01006281 : Wigan 019D,2.63,25.41,26.2,25.06,13.1,96.85138539,11.94,2.39,12.72,0.39
E01006285,E01006285 : Wigan 019E,2.87,26.32,40.95,6.32,8,98.78493317,11.04,2.61,12.89,0.36
E01006406,E01006406 : Wigan 020A,3.06,17.46,4.03,10,15.67,99.19093851,12.2,2.48,12.69,0.33
E01006407,E01006407 : Wigan 020B,3.54,22.63,5.71,8.07,9.26,97.14285714,12.2,2.36,12.97,0.37
E01006408,E01006408 : Wigan 020C,5.67,20.48,5.26,25.28,44.03,96.15931721,12.78,2.35,13.32,0.46
E01006409,E01006409 : Wigan 020D,3.59,21.25,7.64,3.13,8.52,98.95652174,12.95,2.21,13.34,0.33
E01006410,E01006410 : Wigan 020E,3.09,28.34,60.3,9.74,8.07,98.5046729,13.64,2.19,13.71,0.4
E01006393,E01006393 : Wigan 021A,3.72,25.74,21.09,2.8,12.87,97.69736842,12.06,2.04,14.06,0.37
E01006394,E01006394 : Wigan 021B,3.82,32.12,44.43,8.51,6.67,98.45201238,11.03,2.04,14.09,0.41
E01006395,E01006395 : Wigan 021C,2.05,35.85,56.63,3.34,5.07,98.48975189,11.42,2,13.33,0.41
E01006400,E01006400 : Wigan 021D,2.71,35.2,39.92,4.53,9.6,98.49315068,12.13,2.21,13.74,0.37
E01006401,E01006401 : Wigan 021E,2.17,26.51,17.68,10.89,6.25,98.21109123,10.82,2.19,13.83,0.45
E01006402,E01006402 : Wigan 021F,2.57,26.69,20.64,0.21,3.82,98.08917197,11.8,2.17,14.42,0.39
E01006403,E01006403 : Wigan 021G,3.19,24.23,25.11,0.74,7.69,98.67060561,13.04,2.13,13.34,0.34
E01006290,E01006290 : Wigan 022A,2.33,26.95,10.58,30.13,14.08,97.59615385,11.59,1.95,12.36,0.38
E01006291,E01006291 : Wigan 022B,6.92,21.26,4.1,47,37.85,95.48104956,11.55,1.99,12.26,0.28
E01006292,E01006292 : Wigan 022C,4.41,20.73,8.72,36.39,19.41,97.70642202,11.49,1.98,12.09,0.37
E01006293,E01006293 : Wigan 022D,6.84,23.79,12.95,43.33,42.36,95.75596817,11.35,2,12.05,0.4
E01006242,E01006242 : Wigan 023A,4.31,24,3.9,46.73,30.57,95.39700806,11.65,2.08,12.36,0.32
E01006243,E01006243 : Wigan 023B,3.38,27.25,19.63,31.31,20.79,98.56670342,12.04,2.18,12.54,0.41
E01006244,E01006244 : Wigan 023C,5.81,19.09,5.96,56.52,49.78,94.60067492,11.52,1.98,12.37,0.23
E01006245,E01006245 : Wigan 023D,4.06,27.98,24.55,31.52,29.54,97.93637145,12.57,2.18,12.54,0.41
E01006213,E01006213 : Wigan 024A,8.85,16.81,9.29,43.86,61.65,94.1260745,11.24,2.56,12.76,0.47
E01006215,E01006215 : Wigan 024B,6.87,16.85,8.87,51.39,56.92,95.50858653,11.77,2.59,13.35,0.42
E01006217,E01006217 : Wigan 024C,5.39,20.52,23.48,28.39,38.45,94.97326203,11.32,2.55,12.45,0.37
E01006218,E01006218 : Wigan 024D,5.08,21.68,18.46,54.89,43.79,95.39078156,11.34,2.55,12.85,0.36
E01006219,E01006219 : Wigan 024E,5.06,20.72,3.07,16.67,17.56,97.89674952,11.28,2.41,13.46,0.35
E01006288,E01006288 : Wigan 025A,7.87,21.59,4.49,15.3,62.45,92.7344782,11.71,1.92,11.97,0.43
E01006294,E01006294 : Wigan 025B,4.86,25.45,12.76,64.91,45.66,93.51648352,11.7,1.9,11.75,0.27
E01006295,E01006295 : Wigan 025C,4.46,22.56,3.39,63.99,47,93.6329588,11.64,1.97,11.74,0.32
E01006377,E01006377 : Wigan 025D,3.06,33.16,51.14,10.5,9.41,98.78603945,12.12,1.86,12.1,0.46
E01006378,E01006378 : Wigan 025E,2.93,29.05,35.07,2.52,8.11,99.15966387,12.3,1.88,12.14,0.4
E01006212,E01006212 : Wigan 026A,4.5,20.63,15.92,6.85,18.38,97.06896552,11.12,2.36,13.24,0.42
E01006214,E01006214 : Wigan 026B,6.3,19.14,5.1,62.34,40.89,93.7806874,11.96,2.67,13.67,0.34
E01006216,E01006216 : Wigan 026C,5.09,24.48,20.11,16.57,23.6,97.14937286,11.24,2.34,12.9,0.37
E01006322,E01006322 : Wigan 026D,6.37,23.87,11.9,26.32,44.46,96.34285714,10.78,2.16,12.46,0.47
E01006329,E01006329 : Wigan 026E,7.68,19.42,8.62,24.44,43.33,94.87704918,10.76,2.23,12.55,0.45
E01006282,E01006282 : Wigan 027A,4.91,23.48,26.2,30.35,32.44,94.93333333,11.88,2.23,12.77,0.45
E01006283,E01006283 : Wigan 027B,8.56,20.87,24.58,29.58,50.49,92.78779473,11.7,2.11,12.45,0.4
E01006284,E01006284 : Wigan 027C,5.92,20.13,3.13,11.61,44.28,92.42199108,11.04,2.18,12.77,0.38
E01006336,E01006336 : Wigan 027D,11.21,13.43,2.85,61.25,77.29,92.87749288,12.71,2.28,12.77,0.36
E01006337,E01006337 : Wigan 027E,4.97,25.94,13.75,30.19,27.84,96.86098655,12.91,2.26,12.65,0.39
E01006376,E01006376 : Wigan 028A,6.69,19.68,10.32,24.48,49.32,95.22510232,11.72,1.96,11.86,0.46
E01006381,E01006381 : Wigan 028B,3.78,35.48,58.03,11.4,14.25,98.31824062,11.69,2,11.7,0.44
E01006382,E01006382 : Wigan 028C,2.13,35.27,34.57,0.39,4.3,99.21722114,11.94,1.83,12.23,0.47
E01006383,E01006383 : Wigan 028D,5.85,29.25,24.08,1.28,19.39,96.95024077,11.67,1.9,11.55,0.39
E01006384,E01006384 : Wigan 028E,3.94,30.17,13.92,4.92,16.21,98.45626072,11.74,1.87,11.81,0.41
E01006250,E01006250 : Wigan 029A,2.64,35.7,33.08,14.19,11.39,98.79518072,12.08,2.07,11.81,0.41
E01006251,E01006251 : Wigan 029B,3.89,32.28,40,25.65,12.84,98.17073171,11.4,1.99,11.59,0.53
E01006379,E01006379 : Wigan 029C,4.73,29.63,16.11,19.01,15.26,96.66666667,13.09,2.09,12.13,0.38
E01006380,E01006380 : Wigan 029D,3.69,36.26,32.17,18.26,34.03,98.51787271,12.75,2.09,12.05,0.36
E01006385,E01006385 : Wigan 029E,3.41,29.59,18.5,4,8.47,98.99833055,11.74,1.88,11.86,0.4
E01006328,E01006328 : Wigan 030A,9.75,19.48,2.99,70.13,54.89,93.17211949,12.04,2.12,12.29,0.19
E01006333,E01006333 : Wigan 030B,7.95,22.31,5.52,56.02,56.02,93.49112426,12.7,2.22,12.51,0.18
E01006334,E01006334 : Wigan 030C,9.14,19.12,3.42,75.86,60.16,92.35412475,12.08,2.18,12.59,0.19
E01006338,E01006338 : Wigan 030D,7.48,24.38,5.34,50.89,43.44,96.81122449,12.51,2.23,12.61,0.29
E01006248,E01006248 : Wigan 031A,9.69,24.21,14.16,21.58,54.5,93.45703125,12.15,2.13,12.22,0.51
E01006249,E01006249 : Wigan 031B,6.49,22.39,9.45,17.69,44.58,95.63909774,12.25,2.07,12.31,0.5
E01006330,E01006330 : Wigan 031C,1.31,28.71,35.74,8.56,11.49,98.35329341,12.93,2.26,12.57,0.41
E01006331,E01006331 : Wigan 031D,1.75,33.2,41.34,3.9,5.62,97.35202492,13.24,2.28,12.55,0.48
E01006332,E01006332 : Wigan 031E,3.85,26.67,18.7,26.07,35.75,97.68976898,12.91,2.25,12.49,0.33
E01006262,E01006262 : Wigan 032A,6.14,21.72,24.93,23.22,47.86,96.87055477,13.35,2.44,13.76,0.42
E01006263,E01006263 : Wigan 032B,2.44,30.36,32.92,3.42,6.4,98.12206573,13.98,2.75,14.3,0.45
E01006266,E01006266 : Wigan 032C,3.98,21.39,9.42,11.5,9.74,98.55769231,12.86,2.29,13.66,0.33
E01006267,E01006267 : Wigan 032D,7.37,16.36,2.61,17.01,64.56,93.28767123,13.7,2.4,14.09,0.45
E01006268,E01006268 : Wigan 032E,6.16,25.39,26.61,35.19,31.43,97.71428571,13.78,2.69,14.16,0.37
E01006323,E01006323 : Wigan 033A,5.95,17.07,3.74,6.85,45.78,96.41744548,11.1,2.06,12.2,0.36
E01006324,E01006324 : Wigan 033B,6.18,19.05,3.15,38.74,44.44,97.47634069,12.04,2.12,12,0.35
E01006325,E01006325 : Wigan 033C,6.07,22.34,9.89,25.27,23.19,96.69811321,11.66,2.19,12.42,0.38
E01006326,E01006326 : Wigan 033D,7.56,17.6,2.73,85.34,45.26,95.97701149,12.04,2.12,12.29,0.23
E01006327,E01006327 : Wigan 033E,5.27,29.25,10.51,25,45.59,95.26963103,11.54,2.33,12.77,0.41
E01006246,E01006246 : Wigan 034A,6.12,21.79,11.14,30.5,33.8,96.7877095,12.14,2.05,12.19,0.42
E01006247,E01006247 : Wigan 034B,3.83,22.94,19.93,9.42,15.58,97.63205829,12.04,2.13,12.56,0.41
E01006252,E01006252 : Wigan 034C,4.85,26.69,16.51,36.06,14.72,98.72,13.26,2.29,12.63,0.41
E01006297,E01006297 : Wigan 034D,6.13,19.61,1.76,64.14,61.03,94.72259811,12.04,2.09,12.42,0.29
E01006335,E01006335 : Wigan 034E,6.06,20.44,6.52,64.15,46.28,93.35071708,12.99,2.22,12.63,0.25
E01006220,E01006220 : Wigan 035A,7.82,18.98,10.66,19.61,45.87,96.05263158,13.13,2.88,14.24,0.42
E01006221,E01006221 : Wigan 035B,4.62,24.4,9.96,25.4,22.54,96.23188406,13.72,2.86,14.24,0.36
E01006222,E01006222 : Wigan 035C,4.06,26.99,44.32,5.36,8.36,98.73817035,13.45,3.16,14.26,0.4
E01006224,E01006224 : Wigan 035D,2.48,32.4,56.8,0.2,8.82,98.79275654,14.49,2.56,15.03,0.42
E01006226,E01006226 : Wigan 035E,3.04,24.33,14.06,19.76,20.4,97.8807947,14.61,2.55,14.9,0.39
E01006223,E01006223 : Wigan 036A,4.81,27.64,13.18,41.5,31.23,96.82959049,14,2.56,14.36,0.3
E01006225,E01006225 : Wigan 036B,3.33,31.82,42.34,13.44,15.96,97.6599064,13.16,2.58,13.96,0.43
E01006261,E01006261 : Wigan 036C,4.14,20.8,6.62,32.31,32,94.93865031,13.7,2.4,14.09,0.38
E01006264,E01006264 : Wigan 036D,2.17,30.54,46.21,3.3,4.67,98.45559846,12.63,2.41,13.69,0.42
E01006265,E01006265 : Wigan 036E,5.15,25.74,15.78,51.53,25.56,95.33762058,12.67,2.56,13.68,0.37
E01006296,E01006296 : Wigan 037A,8.91,17.5,4.93,50.65,62.24,95.20348837,12.34,2.13,12.34,0.35
E01006298,E01006298 : Wigan 037B,8.58,20.23,2.79,43.02,60.21,96.17647059,12.04,2.12,12.19,0.36
E01006299,E01006299 : Wigan 037C,3.89,34.81,13.32,32.26,21.31,98.62385321,12.01,2.17,12.37,0.43
E01006300,E01006300 : Wigan 037D,1.8,38.15,31.63,0.66,8.07,98.35255354,12.19,2.16,12.26,0.54
E01006301,E01006301 : Wigan 037E,2.69,40.24,55.95,2.21,8.16,99.31972789,11.85,2.05,12.43,0.47
E01006227,E01006227 : Wigan 038A,3.31,24.42,14.74,16.01,17.88,96.66666667,14.23,2.74,15,0.4
E01006228,E01006228 : Wigan 038B,4.75,21.57,12.38,38.36,37.45,96.10738255,13.67,2.71,14.59,0.32
E01006342,E01006342 : Wigan 038C,6.17,20.89,8.78,14.87,47.53,97.02549575,13.35,2.58,14.19,0.43
E01006344,E01006344 : Wigan 038D,7.07,17.48,4.18,7.84,52.96,93.20557491,13.35,2.58,14.19,0.45
E01006346,E01006346 : Wigan 038E,3.47,24.37,15.82,38.96,38.77,96.18644068,14.25,2.31,14.41,0.37
E01006339,E01006339 : Wigan 039A,3.61,26.65,31.09,0.35,9.15,97.76632302,12.72,2.76,13.89,0.43
E01006340,E01006340 : Wigan 039B,4.03,28.34,24.33,19.34,35.12,96.71532847,12.68,2.8,14,0.45
E01006343,E01006343 : Wigan 039C,3.57,35.21,65.89,11.53,11.04,97.82270607,12.7,2.51,14.09,0.48
E01006345,E01006345 : Wigan 039D,3.25,30.19,29.33,7.7,12.44,98.22485207,12.74,2.37,13.95,0.42
E01006348,E01006348 : Wigan 039E,3.03,38.72,56.03,9.65,13.2,98.8372093,13.53,2.16,14.19,0.47
E01006302,E01006302 : Wigan 040A,3.87,31.29,31.4,28.7,17.5,97.55469755,12.25,2.24,13.05,0.37
E01006303,E01006303 : Wigan 040B,3.75,30.8,26.67,28.65,12.34,97.30496454,12.06,2.38,13.18,0.39
E01006304,E01006304 : Wigan 040C,4.35,28.34,32.18,22.66,22.95,98.48254932,12.17,1.93,13.97,0.41
E01006341,E01006341 : Wigan 040D,5.24,25.78,21.22,15.12,50.79,95.7615894,12.36,2.47,13.6,0.45
E01006347,E01006347 : Wigan 040E,2.55,33.62,44.51,2.16,7.43,99.37984496,12.83,1.96,13.68,0.4
E01005357,E01005357 : Oldham 001A,1.29,31.11,29.85,2.94,12.52,98.53658537,12.8,1.86,12.37,0.35
E01005358,E01005358 : Oldham 001B,5.55,18.91,1.54,51.19,43.16,93.58437936,12.62,1.94,11.48,0.4
E01005359,E01005359 : Oldham 001C,3.67,25.47,12.4,16.36,15.55,96.96969697,12.79,1.9,11.81,0.35
E01005360,E01005360 : Oldham 001D,6.41,21.11,10.78,15.47,35.99,95.3125,13.62,1.99,12.08,0.43
E01005441,E01005441 : Oldham 002A,7.44,21.53,9.01,29.14,53.13,93.75830013,12.66,1.93,11.72,0.37
E01005442,E01005442 : Oldham 002B,4.81,29.38,13.15,13.67,10.33,98.44020797,12.42,1.91,11.77,0.36
E01005444,E01005444 : Oldham 002C,6.14,19.07,1.98,47.87,35.4,93.76899696,12.79,1.94,11.69,0.34
E01005445,E01005445 : Oldham 002D,6.77,22.93,6.65,72.05,53.32,90.36144578,12.87,1.98,11.64,0.22
E01005361,E01005361 : Oldham 003A,3.07,27.97,21.17,15.33,11.52,97.82903664,13.18,2.02,11.79,0.41
E01005443,E01005443 : Oldham 003B,4.05,40.88,61.99,19.74,7.75,98.33641405,11.62,1.8,11.75,0.5
E01005446,E01005446 : Oldham 003C,7.05,25.55,17.17,40.24,31.7,95.11784512,13.13,2.02,11.8,0.39
E01005447,E01005447 : Oldham 003D,8.95,21.55,2.79,50.7,57.36,92.77777778,13.49,2.1,11.87,0.29
E01005390,E01005390 : Oldham 004A,4.31,25.68,4.28,40.46,20.2,97.53694581,14.22,1.97,12.39,0.37
E01005394,E01005394 : Oldham 004B,3.76,34.65,24.22,23.76,16.36,96.42857143,14.02,1.89,12.6,0.42
E01005395,E01005395 : Oldham 004C,4.7,27.5,12.96,33.92,15.41,96.63461538,13.52,1.88,12.06,0.35
E01005396,E01005396 : Oldham 004D,5.56,29.08,23.69,9.76,21.84,96.49122807,14.22,1.89,12.47,0.44
E01005355,E01005355 : Oldham 005A,5.4,23.71,7.56,61.58,29.21,93.41894061,14.29,2.22,11.96,0.33
E01005356,E01005356 : Oldham 005B,3.73,30.85,62.08,20.36,13.97,96.01593625,14.82,2.48,12.04,0.4
E01005399,E01005399 : Oldham 005C,3.86,24.23,3.8,33.8,18.42,96.61495063,15.55,2.66,12.23,0.34
E01005403,E01005403 : Oldham 005D,5.24,30.4,24.17,34.88,20.66,96.09261939,14.87,2.37,12.29,0.4
E01005410,E01005410 : Oldham 006A,2.87,43.36,50.24,19.32,12.82,98.05825243,8.36,1.52,9.68,0.58
E01005411,E01005411 : Oldham 006B,5.11,37.79,18.89,27.17,27.04,97.69021739,10.13,1.88,10.38,0.52
E01005414,E01005414 : Oldham 006C,2.1,44,34.22,27.48,18.04,96.61319073,8.99,1.62,10.09,0.62
E01005415,E01005415 : Oldham 006D,3.74,38.71,21.68,38.87,32.62,96.484375,9.67,1.92,10.77,0.5
E01005452,E01005452 : Oldham 007C,4.43,27.78,42.86,16.88,11.13,96.11111111,11.31,1.78,11.52,0.43
E01005453,E01005453 : Oldham 007D,3.37,34.48,29.4,20.28,15.67,98.58490566,13.02,2.03,12.11,0.35
E01032558,E01032558 : Oldham 007E,9.86,21.1,4.86,56.99,72.06,89.77099237,12.46,1.96,11.85,0.47
E01032559,E01032559 : Oldham 007F,3.95,24.13,18.43,35.88,25.89,95.25222552,13.71,2.11,12.15,0.42
E01005391,E01005391 : Oldham 008A,5.19,27.05,15.53,23.9,30.34,95.57926829,14.94,2.26,12.56,0.47
E01005392,E01005392 : Oldham 008B,4.93,18.92,3.72,38.66,62,94.42379182,14.95,2.39,12.36,0.37
E01005393,E01005393 : Oldham 008C,5.3,23.85,10.9,32.89,15.98,95.684803,16.27,2.63,12.98,0.38
E01005401,E01005401 : Oldham 008D,4.51,27.73,33.63,14.83,10.28,97.94721408,17.26,2.85,13.31,0.37
E01005397,E01005397 : Oldham 009A,3.94,22.63,4.08,40.52,28.27,96.07843137,16.51,2.68,12.81,0.3
E01005398,E01005398 : Oldham 009B,4.52,26.79,7.57,45.4,27.15,96.14243323,16.34,2.61,12.87,0.33
E01005400,E01005400 : Oldham 009C,10.33,21.43,4.02,22.99,54.27,97.22921914,15.31,2.61,12.34,0.37
E01005402,E01005402 : Oldham 009D,5.7,26.64,19,38.16,33.23,91.71686747,17.72,2.71,13.68,0.31
E01005335,E01005335 : Oldham 010A,5.3,31.44,22,35.67,14.39,98.15837937,16.39,2.25,12.78,0.32
E01005337,E01005337 : Oldham 010B,11.3,19.49,4.19,62.69,49.49,77.41116751,18.27,3.14,13.49,0.24
E01005339,E01005339 : Oldham 010C,2.99,35.1,34.67,5.67,7.14,98.17578773,15.89,2.61,12.87,0.48
E01005340,E01005340 : Oldham 010D,9.12,19.81,2.71,27.43,53.92,86.26198083,19.37,3.99,13.49,0.39
E01005421,E01005421 : Oldham 011A,7.54,16.38,5.82,61.45,54.47,90.16817594,14.85,2.22,12.76,0.24
E01005422,E01005422 : Oldham 011B,12.78,19.96,11.76,34.54,67.5,86.61567878,15.37,2.31,12.55,0.47
E01032920,E01032920 : Oldham 011E,7.51,21.64,3.21,39.06,53.02,89.99055713,15.24,2.25,12.85,0.34
E01005448,E01005448 : Oldham 012A,13.3,17.2,4.46,45.41,75.3,85.73351279,15.24,2.25,13.03,0.3
E01005449,E01005449 : Oldham 012B,4.89,18.25,7.07,35.35,56.09,90.73529412,13.62,2.13,12.26,0.43
E01005454,E01005454 : Oldham 012C,2.8,24.42,19.51,38.14,18.56,94.05594406,14.2,2.2,12.58,0.39
E01005455,E01005455 : Oldham 012D,4.69,23.1,20.92,45.8,19.77,94.06919275,14.2,2.2,12.57,0.34
E01005456,E01005456 : Oldham 012E,11.1,18.74,3.41,54.59,61.07,89.89501312,14.2,2.2,12.93,0.37
E01005407,E01005407 : Oldham 013A,1.86,49.69,45.67,27.43,13.72,98.66666667,11.15,1.9,10.65,0.53
E01005412,E01005412 : Oldham 013B,3.54,46.06,29.55,38.89,19.67,97.73013871,10.71,1.83,10.5,0.48
E01005416,E01005416 : Oldham 013C,3.84,44.69,22.29,43.24,21.43,96.88888889,10.93,1.83,10.99,0.52
E01005417,E01005417 : Oldham 013D,3.11,38.18,34.95,20.12,13.53,97.35202492,12.29,1.94,11.34,0.49
E01005348,E01005348 : Oldham 014A,9.94,20.39,8.86,44.43,65.19,77.3458445,17.72,2.71,13.89,0.37
E01005350,E01005350 : Oldham 014B,15.5,16.75,3.01,11.09,88.53,84.78873239,17.61,2.62,13.68,0.29
E01005432,E01005432 : Oldham 014C,14.41,17.2,6.38,39.28,77.46,85.2173913,17,2.51,13.33,0.37
E01005433,E01005433 : Oldham 014D,14.69,19.65,4.7,41.77,79.14,71.04700855,17.26,2.49,13.65,0.21
E01005329,E01005329 : Oldham 015A,2.18,30.38,44.98,8.61,14.08,98.25396825,18.01,2.27,13.63,0.38
E01005330,E01005330 : Oldham 015B,2.56,32.04,31.56,25.65,14.7,95.65846599,17.77,2.46,13.42,0.34
E01005333,E01005333 : Oldham 015C,5.51,32.82,51.8,15.4,8.58,98.20717131,16.2,2.22,12.79,0.38
E01005336,E01005336 : Oldham 015D,3.05,32.94,15.37,6.97,8.11,99.36406995,17.66,2.86,12.99,0.35
E01005349,E01005349 : Oldham 016A,17.44,18.34,3.9,76.91,51.96,59.49152542,17.72,2.71,13.71,0.25
E01005351,E01005351 : Oldham 016B,16.43,17.13,2.51,62.13,47.36,66.5961945,17.72,2.71,13.49,0.21
E01005352,E01005352 : Oldham 016C,14.18,15.93,2.58,47.64,55.15,77.6119403,17.55,2.58,13.72,0.27
E01005353,E01005353 : Oldham 016D,17.98,17.34,4.13,58.01,65.2,69.02439024,17.55,2.58,13.74,0.27
E01005354,E01005354 : Oldham 016E,11.83,20.43,6.94,61.63,44.58,78.53403141,17.72,2.71,13.69,0.27
E01005327,E01005327 : Oldham 017A,5.01,28.65,8.49,43.89,31.03,95.36679537,19.92,2.88,13.66,0.34
E01005328,E01005328 : Oldham 017B,13.57,15.94,2.95,34.63,67.73,88.62115127,18.86,2.93,13.72,0.33
E01005331,E01005331 : Oldham 017C,7.42,20.89,9.88,50.15,34.45,90.79754601,20.99,2.59,13.95,0.31
E01005334,E01005334 : Oldham 017D,5.21,34.39,46.01,20.47,10.29,96.5641953,18.09,3.14,13.12,0.37
E01005338,E01005338 : Oldham 017E,13.08,17.07,4.86,57.03,59.53,84.73684211,18.54,3.35,13.49,0.34
E01005387,E01005387 : Oldham 018A,4.04,26.15,5.3,57.01,23.75,94.69578783,14.2,2.2,11.88,0.32
E01005388,E01005388 : Oldham 018B,2.92,25.43,7.69,62.74,26.67,95.40816327,13.51,2.16,11.83,0.41
E01005389,E01005389 : Oldham 018C,5.1,23.92,11.41,40.77,58.26,92.45524297,12.29,1.96,11.09,0.37
E01005418,E01005418 : Oldham 018D,3.09,30.12,22.58,13.71,11.54,96.98996656,13.17,2.14,11.37,0.38
E01005428,E01005428 : Oldham 019A,8.79,15.44,9.92,79.96,49.81,70.28571429,15.09,2.18,12.98,0.16
E01005431,E01005431 : Oldham 019B,10.04,23.68,8.91,56.47,38.22,87.24928367,12.39,1.88,11.9,0.33
E01005450,E01005450 : Oldham 019C,12.12,17.62,6.44,67.22,57.7,80.03003003,13.44,2.07,12.54,0.23
E01005451,E01005451 : Oldham 019D,5.86,26.44,24.04,27.47,19.15,88.28282828,13.24,2.09,12.29,0.38
E01005408,E01005408 : Oldham 020C,3.51,40.52,20.96,34.53,22.7,96.64053751,10.46,1.99,10.3,0.42
E01005409,E01005409 : Oldham 020D,3.63,46.52,30.65,34.75,17.12,97.42424242,8.03,1.42,9.75,0.58
E01032922,E01032922 : Oldham 020E,4.61,40.12,16.73,20.09,23.08,96.35514019,10.56,2.13,10.36,0.49
E01005406,E01005406 : Oldham 021A,2.93,45.82,33.84,14.8,10.94,98.80546075,11.77,1.87,10.9,0.52
E01005413,E01005413 : Oldham 021B,3.14,35.97,42.39,8.85,10.28,97.81931464,11.75,1.88,10.81,0.49
E01005419,E01005419 : Oldham 021C,3.44,29.98,19.17,39.11,24.77,96.17151608,13.17,2.14,11.37,0.37
E01005420,E01005420 : Oldham 021D,4.04,25.92,14.23,35.44,37.4,95.98930481,12.83,2.12,11.2,0.43
E01005321,E01005321 : Oldham 022A,19.63,19.21,14.05,42.97,57.81,69.1318328,15.19,2.16,13.03,0.42
E01005326,E01005326 : Oldham 022B,11.11,19.54,9.89,72.12,39.93,59.0990991,17.29,2.35,13.84,0.23
E01005427,E01005427 : Oldham 022C,12.96,17.31,5.71,73.23,48.13,59.72495088,16.95,2.34,13.48,0.2
E01005429,E01005429 : Oldham 022D,14.42,18.78,5.6,76.51,39.83,66.1637931,15.39,2.17,12.87,0.17
E01005430,E01005430 : Oldham 022E,12.41,20.33,5.69,65.74,38.72,71.42857143,13.82,1.99,12.46,0.22
E01005320,E01005320 : Oldham 024A,11.47,21.38,13.58,61.42,47.46,76.2345679,15.54,2.24,13.02,0.28
E01005434,E01005434 : Oldham 024B,15.59,18.1,5.94,38.18,76.89,71.87894073,17.07,2.44,13.76,0.13
E01005437,E01005437 : Oldham 024C,9.51,22.02,6.62,69.12,36.03,76.47058824,15.97,2.33,13.44,0.22
E01005459,E01005459 : Oldham 024D,20.45,18.11,10.79,49.17,70.27,70.27027027,17.38,2.44,13.78,0.21
E01005383,E01005383 : Oldham 026A,8.64,22.72,13.96,35.97,41.1,85.31073446,12.6,1.93,11.69,0.42
E01005386,E01005386 : Oldham 026D,11.15,20.98,7.14,37.73,64.55,92.27202473,12.52,1.88,11.54,0.53
E01032556,E01032556 : Oldham 026E,4.58,27.61,9.57,62.18,25.19,95.05247376,12.54,1.96,11.47,0.32
E01032557,E01032557 : Oldham 026F,10.58,17.38,4.71,35.99,75.82,88.85976409,12.35,1.92,11.55,0.47
E01005342,E01005342 : Oldham 027A,7.55,18.36,2.89,43.88,62.53,84.04401651,16.2,2.29,15.07,0.33
E01005343,E01005343 : Oldham 027B,8.45,19.89,2.2,42.02,42.75,90.27522936,16.43,2.25,14.85,0.29
E01005344,E01005344 : Oldham 027C,7.09,20.39,3.73,67.1,56.83,88.83183569,16.43,2.25,16.7,0.3
E01005381,E01005381 : Oldham 027D,10.5,21.59,2.63,40.53,73.12,87.74703557,16.11,2.18,15.07,0.32
E01005332,E01005332 : Oldham 028A,6.4,22.18,4.55,44.13,43.16,91.99594732,18.71,2.42,14.52,0.31
E01005341,E01005341 : Oldham 028B,4.4,21.38,2.2,49.83,29.85,94.26644182,16.43,2.25,14.85,0.33
E01005345,E01005345 : Oldham 028C,4.48,24.1,6.02,3.25,16.45,98.05194805,16.94,2.23,13.5,0.3
E01005346,E01005346 : Oldham 028D,3.02,21.36,3.52,4.02,21,98.1512605,16.05,2.21,13.01,0.33
E01005347,E01005347 : Oldham 028E,4.84,24.22,4.24,42.25,26.38,93.35793358,15.9,2.22,14.85,0.28
E01005322,E01005322 : Oldham 029A,14.93,16.36,9.87,49.72,74.81,81.19180633,15.01,2.05,12.81,0.3
E01005323,E01005323 : Oldham 029B,5.32,17.2,5.65,49.43,55.27,87.07592892,15.02,2.06,12.79,0.45
E01005324,E01005324 : Oldham 029C,8.23,16.56,3.19,19.42,60.52,93.91304348,14.69,1.95,12.6,0.45
E01005325,E01005325 : Oldham 029D,9.89,19.34,3.12,31.38,82.62,86.77042802,13.5,1.93,12.18,0.41
E01005438,E01005438 : Oldham 029E,7.21,22.14,14.78,51.29,41.77,83.39960239,16.7,2.1,13.44,0.28
E01005377,E01005377 : Oldham 030A,9.09,20.32,6.64,10.74,62.24,93.98734177,16.13,1.99,13.61,0.41
E01005379,E01005379 : Oldham 030B,11.37,15.02,5.59,63.77,76.81,84.88612836,17.06,1.99,13.44,0.37
E01005380,E01005380 : Oldham 030C,6.36,21.48,28.16,4.79,61.57,92.91187739,15.19,1.99,13.38,0.5
E01005382,E01005382 : Oldham 030D,11.52,13.65,3.69,34.72,59.11,92.17791411,16.51,2.16,13.44,0.35
E01005439,E01005439 : Oldham 030E,8.76,25.77,11.06,28.11,23.5,94.92307692,16.51,2.16,13.44,0.4
E01005362,E01005362 : Oldham 031A,5.29,22.32,2.68,41.64,24.62,94.80737018,14.62,2.07,14.72,0.3
E01005364,E01005364 : Oldham 031B,3.4,23.23,3.9,21.1,15.46,95.23121387,14.62,2.07,14.72,0.31
E01005368,E01005368 : Oldham 031C,7.73,20.77,2.37,71.24,56.54,91.53439153,14.96,2.13,13.8,0.2
E01005376,E01005376 : Oldham 031D,10.05,17.33,3.14,61.43,57.52,90.20979021,15.68,2.1,14.89,0.3
E01005378,E01005378 : Oldham 031E,8.25,21.04,12.22,51.58,38.01,91.10105581,15.14,2.03,14.21,0.35
E01005363,E01005363 : Oldham 032A,6.81,25.12,11.22,50.72,45.49,95.11323004,14.55,2.06,12.74,0.25
E01005369,E01005369 : Oldham 032B,6.53,28.15,15.86,47.94,50.97,92.26118501,15.59,2.17,12.81,0.27
E01005370,E01005370 : Oldham 032C,7.5,18.69,2.14,29.22,68.89,94.71698113,15.64,2.17,12.76,0.22
E01005371,E01005371 : Oldham 032D,7.83,22.01,4.15,68.82,43.12,89.6039604,15.29,2.18,12.87,0.26
E01005365,E01005365 : Oldham 033A,3.05,25.95,20.98,42.44,15.36,96.42276423,15.13,2.09,13.04,0.4
E01005366,E01005366 : Oldham 033B,7.64,14.87,3.84,25.43,56.84,94.54787234,15.01,2.13,12.58,0.36
E01005367,E01005367 : Oldham 033C,3.47,24.54,34.9,12.39,8.44,98.76977153,15.22,2.19,12.87,0.45
E01005440,E01005440 : Oldham 033D,5.27,21.02,18.42,35.6,41.29,94.16282642,15.59,2.01,13.21,0.46
E01005372,E01005372 : Oldham 034A,5.98,22.03,2.24,27.1,38.76,92.71028037,15.31,2.15,12.64,0.32
E01005373,E01005373 : Oldham 034B,4.97,20.82,8.64,5.89,11,97.8388998,15.77,2.18,12.53,0.34
E01005374,E01005374 : Oldham 034C,6.22,19.32,2.91,9.22,33.82,92.18241042,15.77,2.18,12.57,0.4
E01005375,E01005375 : Oldham 034D,3.63,25.14,4.64,1.55,11.49,97.52321981,15.61,2.24,12.75,0.36
E01034232,E01034232 : Oldham 036A,16.25,19.15,8.33,38.43,62.36,75.75057737,19.18,2.51,13.95,0.25
E01034233,E01034233 : Oldham 036B,10.48,20.87,4.87,57.77,53.6,72.15777262,16.67,2.39,13.69,0.21
E01005460,E01005460 : Oldham 036C,12.26,20.12,8.67,61.05,44.62,76.06837607,17.69,2.4,14.51,0.29
E01005463,E01005463 : Oldham 036D,13.61,23.54,9.75,44.25,61.45,78.3203125,16.59,2.34,14.69,0.29
E01005461,E01005461 : Oldham 037A,13.52,22.15,14.21,58.58,40.76,72.27036395,16.67,2.39,13.61,0.25
E01005435,E01005435 : Oldham 037B,7.84,18.85,5.04,83.27,34.27,71.62977867,16.44,2.37,13.5,0.21
E01005462,E01005462 : Oldham 037C,8.06,29.14,17.2,37.58,34.08,87.42038217,16.67,2.39,13.69,0.35
E01005436,E01005436 : Oldham 037D,10.19,29.28,5.39,59.15,20.54,86.15384615,15.97,2.33,13.44,0.34
