LSOA21CD,2021 super output area - lower layer,ah4dent,ah4gp,ah4hosp,ah4phar
E01004768,E01004768 : Bolton 001A,2.5036,2.7056,1.6019,2.6247
E01004803,E01004803 : Bolton 001B,4.0724,3.3549,3.3549,3.3549
E01004804,E01004804 : Bolton 001C,3.6604,2.9429,2.9429,2.9429
E01004807,E01004807 : Bolton 001D,1.7098,0.9924,0.9924,0.9924
E01004808,E01004808 : Bolton 001E,2.0175,1.5718,1.5718,1.5718
E01004788,E01004788 : Bolton 002A,1.5812,2.5798,2.5798,1.8634
E01004790,E01004790 : Bolton 002B,1.5896,1.9913,1.7199,1.533
E01004805,E01004805 : Bolton 002C,2.5292,2.1195,2.1195,2.1195
E01004806,E01004806 : Bolton 002D,1.802,2.6684,1.563,2.6684
E01004810,E01004810 : Bolton 002E,2.0384,3.037,2.1979,2.5757
E01004769,E01004769 : Bolton 003A,1.387,1.2602,1.387,2.0383
E01004770,E01004770 : Bolton 003B,1.6634,2.2897,1.6634,1.6866
E01004771,E01004771 : Bolton 003C,1.4254,1.2433,1.4254,2.2397
E01004773,E01004773 : Bolton 003D,0.9557,1.6223,0.9223,0.9718
E01004809,E01004809 : Bolton 003E,0.9418,0.9521,0.7206,0.9521
E01004777,E01004777 : Bolton 004A,1.1611,1.1696,1.6461,1.0415
E01004881,E01004881 : Bolton 004B,0.8574,0.803,0.7423,0.6749
E01004888,E01004888 : Bolton 004C,1.9382,1.7517,1.7354,1.6527
E01004889,E01004889 : Bolton 004D,1.5116,1.2909,1.1865,1.2104
E01004890,E01004890 : Bolton 004E,0.7705,0.8746,1.0584,0.8013
E01004766,E01004766 : Bolton 005A,1.4528,2.2015,1.4477,0.7577
E01004767,E01004767 : Bolton 005B,1.5927,2.2414,1.5927,0.8877
E01004772,E01004772 : Bolton 005C,2.2377,2.5661,1.3369,2.0959
E01004774,E01004774 : Bolton 005D,1.3863,2.1158,0.9109,0.9318
E01004824,E01004824 : Bolton 005E,0.8823,1.6724,0.764,1.0274
E01004784,E01004784 : Bolton 006A,2.7101,2.1913,1.9119,2.1131
E01004785,E01004785 : Bolton 006B,3.0353,2.5347,1.6376,1.7252
E01004786,E01004786 : Bolton 006C,1.667,1.2035,1.0832,1.1488
E01004789,E01004789 : Bolton 006D,2.8285,3.7784,3.7784,2.9635
E01004791,E01004791 : Bolton 006E,1.3539,1.9278,1.9278,1.2352
E01004792,E01004792 : Bolton 006F,2.6496,3.0575,2.866,2.51
E01004779,E01004779 : Bolton 007A,1.9588,2.2045,2.317,2.0764
E01004781,E01004781 : Bolton 007B,2.9103,2.6101,0.9706,2.0247
E01004882,E01004882 : Bolton 007C,0.9975,0.8767,2.1723,0.8767
E01004883,E01004883 : Bolton 007D,1.5202,1.3018,2.4996,1.2669
E01004884,E01004884 : Bolton 007E,3.4695,3.6497,3.31,3.6156
E01004864,E01004864 : Bolton 008A,1.1407,1.7777,1.2266,1.0986
E01004867,E01004867 : Bolton 008B,1.1585,0.9601,0.8922,0.9504
E01004921,E01004921 : Bolton 008C,0.68,0.7555,0.9851,0.68
E01004924,E01004924 : Bolton 008D,3.2053,4.0091,3.3194,3.1292
E01004925,E01004925 : Bolton 008E,1.5487,1.3105,1.4197,1.4947
E01004778,E01004778 : Bolton 009A,3.87,5.162,0.6316,0.6907
E01004780,E01004780 : Bolton 009B,3.4906,3.8144,2.6562,2.6591
E01004782,E01004782 : Bolton 009C,4.3504,5.5702,0.9559,0.9866
E01004783,E01004783 : Bolton 009D,3.8711,4.1674,1.6674,2.7369
E01004802,E01004802 : Bolton 010A,1.295,1.52,1.4308,1.52
E01004926,E01004926 : Bolton 010B,1.391,2.5085,0.8104,0.9031
E01004927,E01004927 : Bolton 010C,1.9937,2.1408,0.9247,0.9711
E01004929,E01004929 : Bolton 010D,1.1915,2.0834,0.8721,1.4931
E01004820,E01004820 : Bolton 011A,1.4465,1.6206,1.0344,0.9083
E01004825,E01004825 : Bolton 011B,1.2357,1.7065,1.0837,1.1256
E01004826,E01004826 : Bolton 011C,1.0145,1.3209,1.0338,0.9322
E01004865,E01004865 : Bolton 011D,0.6216,1.5584,0.673,0.5562
E01004866,E01004866 : Bolton 011E,1.5744,1.2957,1.2562,1.27
E01004840,E01004840 : Bolton 012A,2.9177,2.9245,2.9021,2.372
E01004841,E01004841 : Bolton 012B,3.0449,2.7739,3.0548,1.2179
E01004842,E01004842 : Bolton 012C,1.5703,1.1538,1.0854,1.3171
E01004919,E01004919 : Bolton 012D,1.3499,1.0598,1.3125,1.025
E01004920,E01004920 : Bolton 012E,1.7349,1.082,1.508,1.0067
E01004787,E01004787 : Bolton 013A,2.5075,2.1742,1.6588,1.0064
E01004793,E01004793 : Bolton 013B,1.8311,1.4978,1.1372,1.2975
E01004794,E01004794 : Bolton 013C,3.2678,3.0675,1.525,2.139
E01004795,E01004795 : Bolton 013D,1.9495,1.6432,0.9446,1.6289
E01004797,E01004797 : Bolton 013E,1.5071,1.6245,1.1402,0.8425
E01004775,E01004775 : Bolton 014A,4.8206,3.8002,2.8094,3.0163
E01004885,E01004885 : Bolton 014B,4.7537,3.5536,2.199,3.1685
E01004886,E01004886 : Bolton 014C,2.8464,2.5462,1.688,2.3082
E01004887,E01004887 : Bolton 014D,3.796,3.4958,2.3828,3.461
E01004868,E01004868 : Bolton 015A,1.4614,0.583,1.0407,0.8969
E01004869,E01004869 : Bolton 015B,1.4706,0.4672,0.4364,0.4521
E01004870,E01004870 : Bolton 015C,0.8256,0.6263,0.8345,1.1245
E01004871,E01004871 : Bolton 015D,1.5446,1.3468,1.5446,1.5622
E01004922,E01004922 : Bolton 015E,1.3062,0.7062,0.9344,1.0559
E01004822,E01004822 : Bolton 016B,1.2243,1.1273,0.909,0.5538
E01004823,E01004823 : Bolton 016C,1.064,0.7746,0.7746,1.1451
E01004848,E01004848 : Bolton 016D,1.3153,1.089,0.9009,1.1185
E01033217,E01033217 : Bolton 016E,0.4851,0.7023,0.4851,1.029
E01033220,E01033220 : Bolton 016F,1.9233,1.2759,1.2759,1.2538
E01004818,E01004818 : Bolton 017A,0.763,0.794,1.4691,0.5646
E01004819,E01004819 : Bolton 017B,1.4139,1.7306,2.2223,1.6762
E01004928,E01004928 : Bolton 017C,1.76,2.2332,0.6067,0.4943
E01004930,E01004930 : Bolton 017D,1.7062,2.2188,1.1326,1.1544
E01004931,E01004931 : Bolton 017E,1.244,1.5247,1.1872,1.0331
E01004932,E01004932 : Bolton 017F,0.7295,1.0606,0.7729,0.6008
E01004834,E01004834 : Bolton 018A,0.6166,0.6166,1.0966,0.6898
E01004838,E01004838 : Bolton 018B,0.7204,0.7404,0.805,0.7115
E01004843,E01004843 : Bolton 018C,1.3465,1.6134,0.8057,1.7546
E01004845,E01004845 : Bolton 018D,1.8157,1.6459,1.6557,2.3428
E01004923,E01004923 : Bolton 018E,1.5993,1.0139,1.2821,1.5571
E01004796,E01004796 : Bolton 019A,1.0966,1.6195,0.8694,0.6251
E01004798,E01004798 : Bolton 019B,0.9905,1.6812,1.3379,0.9905
E01004799,E01004799 : Bolton 019C,1.6093,2.0918,2.0365,1.6212
E01004800,E01004800 : Bolton 019D,2.5525,3.035,2.7769,2.5525
E01004801,E01004801 : Bolton 019E,2.3853,2.8423,1.5086,1.3341
E01004917,E01004917 : Bolton 019F,2.8728,3.1034,2.3423,1.2215
E01004835,E01004835 : Bolton 020A,2.4575,2.6502,1.632,2.0431
E01004836,E01004836 : Bolton 020B,1.5442,1.3453,1.197,1.2233
E01004837,E01004837 : Bolton 020C,1.644,2.6471,2.1571,3.0314
E01004844,E01004844 : Bolton 020D,3.2067,1.4806,1.4806,3.798
E01004897,E01004897 : Bolton 020E,3.6114,2.6481,2.6481,4.2547
E01004827,E01004827 : Bolton 021A,0.8585,1.0618,1.2526,0.8909
E01004849,E01004849 : Bolton 021B,1.2134,0.5733,0.7529,0.5469
E01004850,E01004850 : Bolton 021C,0.8294,0.753,0.7303,0.7209
E01004851,E01004851 : Bolton 021D,0.9533,0.7291,0.7873,0.8094
E01004853,E01004853 : Bolton 021E,0.5919,0.7021,1.0097,0.5854
E01004811,E01004811 : Bolton 022A,2.119,0.9545,0.8609,0.9277
E01004812,E01004812 : Bolton 022B,1.507,1.7127,1.4357,1.1936
E01004813,E01004813 : Bolton 022C,2.0746,1.3412,1.3412,0.7558
E01004815,E01004815 : Bolton 022D,2.4743,1.3415,1.5018,0.9568
E01004817,E01004817 : Bolton 022E,0.7741,0.856,0.4578,0.6779
E01004828,E01004828 : Bolton 023A,1.1251,1.0364,0.8849,0.5832
E01004829,E01004829 : Bolton 023B,0.9077,0.7303,0.6458,0.4741
E01004832,E01004832 : Bolton 023C,1.0296,1.2913,1.281,1.0519
E01004854,E01004854 : Bolton 023D,0.5967,0.4897,0.7193,0.4897
E01004878,E01004878 : Bolton 023E,1.0479,1.9479,1.6244,1.0581
E01004911,E01004911 : Bolton 024A,1.0029,1.0029,0.942,1.0029
E01004912,E01004912 : Bolton 024B,1.6022,1.6022,1.6022,1.6022
E01004913,E01004913 : Bolton 024C,0.8987,1.0861,0.838,0.8987
E01004914,E01004914 : Bolton 024D,1.4929,1.7354,1.8507,1.4929
E01004915,E01004915 : Bolton 024E,1.8193,1.8354,1.6669,1.8071
E01004916,E01004916 : Bolton 024F,1.4131,1.6557,1.5798,1.4131
E01004918,E01004918 : Bolton 024G,1.8049,1.8122,1.4853,1.8049
E01004846,E01004846 : Bolton 025A,1.5313,1.0802,0.9986,0.99
E01004847,E01004847 : Bolton 025B,1.1501,1.1043,0.9203,0.9605
E01004852,E01004852 : Bolton 025C,0.8933,0.792,1.1316,0.792
E01004877,E01004877 : Bolton 025D,0.8734,1.9589,1.5768,0.8734
E01004879,E01004879 : Bolton 025E,1.5835,1.8773,1.3913,1.1374
E01004830,E01004830 : Bolton 026A,0.6294,0.6988,0.7623,0.5179
E01004831,E01004831 : Bolton 026B,1.2378,0.876,0.876,1.0852
E01004833,E01004833 : Bolton 026C,3.0283,2.9975,2.8729,1.9808
E01004839,E01004839 : Bolton 026D,1.1843,1.2521,1.3305,1.1766
E01004814,E01004814 : Bolton 027A,2.1579,2.5342,1.6956,1.0847
E01004855,E01004855 : Bolton 027B,1.7293,1.3879,0.8662,1.3328
E01004856,E01004856 : Bolton 027C,2.6696,2.9289,0.604,1.1978
E01004857,E01004857 : Bolton 027D,1.9595,1.9749,1.0439,0.7144
E01004891,E01004891 : Bolton 028A,2.3116,1.414,1.414,1.414
E01004893,E01004893 : Bolton 028B,1.8202,1.4549,1.0283,1.4506
E01004894,E01004894 : Bolton 028C,0.9567,1.3644,1.2877,0.8132
E01004901,E01004901 : Bolton 028E,2.003,1.4047,1.4445,1.4047
E01033218,E01033218 : Bolton 028F,2.6491,2.1346,2.1346,2.1346
E01033219,E01033219 : Bolton 028G,4.0104,3.4607,3.4607,3.807
E01004816,E01004816 : Bolton 029A,2.6637,2.0348,2.1207,1.5054
E01004872,E01004872 : Bolton 029B,2.4858,2.8788,1.6359,0.9598
E01004873,E01004873 : Bolton 029C,3.1178,3.0986,1.3688,1.3523
E01004875,E01004875 : Bolton 029D,3.5727,3.6319,0.9503,0.9821
E01004880,E01004880 : Bolton 029E,3.8275,2.4628,1.0008,1.7077
E01004892,E01004892 : Bolton 030A,4.3327,3.9782,3.3852,1.3238
E01004896,E01004896 : Bolton 030B,3.8356,3.4466,1.3341,2.3161
E01004899,E01004899 : Bolton 030C,2.3973,2.9604,2.9604,2.9316
E01004900,E01004900 : Bolton 030D,1.7856,1.6672,1.6672,1.6412
E01004776,E01004776 : Bolton 031A,2.3362,1.9774,2.8129,1.941
E01004895,E01004895 : Bolton 031B,1.8844,2.8015,0.8686,2.1166
E01004936,E01004936 : Bolton 031C,0.7262,0.9877,1.0792,0.694
E01004938,E01004938 : Bolton 031D,1.8317,2.3104,1.2654,2.0777
E01004939,E01004939 : Bolton 031E,2.3101,2.7888,2.385,2.3851
E01004858,E01004858 : Bolton 032A,1.5197,1.9127,1.5557,1.2936
E01004859,E01004859 : Bolton 032B,1.2522,0.9583,0.7975,0.8286
E01004860,E01004860 : Bolton 032C,1.1597,0.8827,1.2713,0.8589
E01004902,E01004902 : Bolton 032D,1.0232,1.0729,1.5342,1.0814
E01004906,E01004906 : Bolton 032E,0.7319,0.836,1.0196,1.2017
E01004861,E01004861 : Bolton 033A,2.7926,2.1831,2.1807,1.8893
E01004862,E01004862 : Bolton 033B,2.2757,1.8006,2.2779,1.6431
E01004863,E01004863 : Bolton 033C,1.8856,1.4561,2.0275,0.9618
E01004874,E01004874 : Bolton 033D,3.8225,3.8726,1.2994,1.2994
E01004876,E01004876 : Bolton 033E,3.1553,3.229,0.7462,0.9348
E01004903,E01004903 : Bolton 034A,2.4678,2.2875,2.2077,2.3073
E01004904,E01004904 : Bolton 034B,2.7244,3.408,3.1681,3.374
E01004905,E01004905 : Bolton 034C,1.6352,0.7477,0.7477,0.8982
E01004907,E01004907 : Bolton 034D,2.7748,2.0454,0.9606,1.9519
E01004908,E01004908 : Bolton 034E,3.3984,3.1052,3.5403,2.4473
E01004909,E01004909 : Bolton 034F,2.5631,1.8337,1.251,1.7402
E01004910,E01004910 : Bolton 034G,1.7219,2.4198,2.4198,2.4395
E01004933,E01004933 : Bolton 035A,3.909,4.9462,3.1817,1.5722
E01004934,E01004934 : Bolton 035B,4.0148,4.5019,3.9284,2.9
E01004935,E01004935 : Bolton 035C,3.0303,4.1118,2.303,1.1513
E01004937,E01004937 : Bolton 035D,3.2623,3.741,3.3372,2.9383
E01004940,E01004940 : Bolton 035E,4.1797,4.9489,3.4636,1.8054
E01005014,E01005014 : Bury 001A,0.6988,0.9334,0.9334,1.0291
E01005015,E01005015 : Bury 001B,3.5996,3.795,3.795,3.1587
E01005016,E01005016 : Bury 001C,1.0558,1.0873,1.0873,1.1955
E01005017,E01005017 : Bury 001D,2.0879,2.3431,2.2352,2.4513
E01005018,E01005018 : Bury 001E,1.7455,1.8816,1.3741,1.9898
E01005021,E01005021 : Bury 001F,3.017,3.03,1.5879,2.8363
E01005019,E01005019 : Bury 002A,3.954,2.628,2.1606,2.3427
E01005023,E01005023 : Bury 002B,4.0282,1.4607,3.1684,1.3591
E01005046,E01005046 : Bury 002C,3.7402,2.1373,2.8673,0.8717
E01005048,E01005048 : Bury 002D,4.2557,3.2304,2.5988,1.4049
E01005020,E01005020 : Bury 003A,2.6594,2.9146,2.8917,3.0228
E01005022,E01005022 : Bury 003B,5.2895,3.1454,4.5863,3.067
E01005047,E01005047 : Bury 003C,6.1571,5.7938,4.6865,4.4521
E01005049,E01005049 : Bury 003D,1.4284,1.4478,1.4478,1.2877
E01005051,E01005051 : Bury 003E,1.2755,1.2949,1.2949,1.2949
E01004976,E01004976 : Bury 004A,2.6284,2.6284,1.4171,2.1513
E01004977,E01004977 : Bury 004B,2.3938,2.3938,1.0639,1.9166
E01004978,E01004978 : Bury 004C,1.5701,1.5701,0.9299,1.0929
E01004981,E01004981 : Bury 004D,4.1581,4.1254,2.9468,3.652
E01004982,E01004982 : Bury 004E,3.7235,3.7235,2.5122,3.2464
E01004961,E01004961 : Bury 005A,1.7552,1.5931,1.0556,1.6356
E01004965,E01004965 : Bury 005B,1.115,1.3318,1.3318,1.6647
E01004966,E01004966 : Bury 005C,1.1792,1.3365,1.3365,1.3234
E01004967,E01004967 : Bury 005D,1.7048,0.9257,0.9257,1.6337
E01004963,E01004963 : Bury 006A,2.7764,3.2974,3.2974,1.1321
E01004968,E01004968 : Bury 006B,1.7401,1.0983,1.0983,1.581
E01005050,E01005050 : Bury 006C,2.2712,2.3346,2.3346,2.0878
E01005052,E01005052 : Bury 006D,1.8347,1.8541,1.8541,1.8541
E01005053,E01005053 : Bury 006E,4.1521,4.1714,4.1714,3.8689
E01004954,E01004954 : Bury 007A,3.1864,1.4232,1.4232,3.211
E01004955,E01004955 : Bury 007B,1.9948,0.7836,0.7836,2.0194
E01004956,E01004956 : Bury 007C,1.1635,1.1283,1.4072,1.1096
E01004957,E01004957 : Bury 007D,1.6702,1.6883,1.6129,1.8416
E01004960,E01004960 : Bury 007E,1.7192,0.9876,1.8972,1.019
E01004958,E01004958 : Bury 008A,0.8196,1.0888,0.9771,0.8981
E01004959,E01004959 : Bury 008B,1.0019,1.5442,0.8156,0.8322
E01004979,E01004979 : Bury 008C,1.0879,0.8592,0.7638,0.7887
E01004980,E01004980 : Bury 008D,0.6378,0.6013,0.6654,0.5395
E01005024,E01005024 : Bury 008E,1.0143,0.918,0.7018,0.7889
E01005026,E01005026 : Bury 008F,1.7333,1.6953,1.0859,0.8496
E01004947,E01004947 : Bury 009A,0.6876,1.5143,1.5143,1.5945
E01004948,E01004948 : Bury 009B,1.2056,1.1186,1.1186,1.1186
E01004962,E01004962 : Bury 009C,2.1249,2.3682,2.3682,0.8527
E01004964,E01004964 : Bury 009D,1.4957,1.4479,1.3502,1.3502
E01004949,E01004949 : Bury 010A,1.5169,1.5169,1.5169,1.5169
E01004950,E01004950 : Bury 010B,3.0517,3.0517,3.0517,3.0517
E01004951,E01004951 : Bury 010C,1.4226,1.52,1.52,1.5364
E01004952,E01004952 : Bury 010D,0.874,0.874,0.874,0.874
E01004953,E01004953 : Bury 010E,1.1153,1.9177,1.9177,2.0087
E01005025,E01005025 : Bury 011A,1.8205,2.0487,1.1222,1.2318
E01005027,E01005027 : Bury 011B,0.7569,0.5862,0.4741,0.5883
E01005028,E01005028 : Bury 011C,2.3236,2.1312,0.7253,1.1222
E01005029,E01005029 : Bury 011D,1.9616,1.7373,0.7283,0.6986
E01005000,E01005000 : Bury 012A,2.7901,3.6759,2.6683,3.1981
E01005001,E01005001 : Bury 012B,3.1453,3.918,2.7969,3.6754
E01005005,E01005005 : Bury 012C,3.3846,3.4049,3.3931,3.3451
E01005006,E01005006 : Bury 012D,2.2846,2.5651,2.5651,2.4702
E01005030,E01005030 : Bury 013A,1.9636,3.1916,1.0731,2.139
E01005054,E01005054 : Bury 013B,4.828,2.1006,2.9551,2.7423
E01005059,E01005059 : Bury 013C,1.6318,2.776,1.1451,1.7277
E01005060,E01005060 : Bury 013D,1.5017,2.6811,1.4173,2.4827
E01004997,E01004997 : Bury 014A,0.4375,2.2388,1.289,0.5553
E01004998,E01004998 : Bury 014B,1.1676,3.3738,1.9678,1.6725
E01004999,E01004999 : Bury 014C,0.7373,3.4435,2.5314,1.6354
E01005002,E01005002 : Bury 014D,1.9035,3.8625,1.3051,2.2673
E01005003,E01005003 : Bury 014E,0.8728,2.904,1.3739,0.7041
E01004991,E01004991 : Bury 015A,2.5298,1.8393,1.7902,1.6516
E01004992,E01004992 : Bury 015B,2.3366,0.9171,1.0663,0.7736
E01004993,E01004993 : Bury 015C,2.4677,1.5703,1.2207,1.8862
E01004994,E01004994 : Bury 015D,1.4826,0.5055,1.3859,0.8259
E01004990,E01004990 : Bury 016A,0.7918,2.7876,1.2152,1.7243
E01004996,E01004996 : Bury 016B,0.8057,2.3218,0.912,0.743
E01005004,E01005004 : Bury 016C,1.5289,3.0522,0.8497,2.0448
E01005008,E01005008 : Bury 016D,0.6485,1.5006,0.7249,0.9462
E01005009,E01005009 : Bury 016E,0.3438,0.6733,0.6733,0.4594
E01004945,E01004945 : Bury 017A,2.5645,2.1697,1.9973,1.6242
E01005055,E01005055 : Bury 017B,1.9985,0.6707,0.6707,1.9844
E01005056,E01005056 : Bury 017C,1.45,0.8334,1.2,1.45
E01005057,E01005057 : Bury 017D,3.2488,3.2488,4.6405,3.2488
E01005058,E01005058 : Bury 017E,2.239,1.1421,1.1421,2.003
E01004995,E01004995 : Bury 018A,1.4064,3.0861,1.8587,2.3469
E01005010,E01005010 : Bury 018B,3.3761,3.8402,3.8402,3.6393
E01005012,E01005012 : Bury 018C,2.1056,2.4012,2.4012,2.3389
E01005013,E01005013 : Bury 018D,1.566,1.8955,1.8955,1.6815
E01004984,E01004984 : Bury 019A,2.4059,2.3765,2.3494,2.2966
E01004985,E01004985 : Bury 019B,3.1447,3.0966,3.0831,3.2372
E01004989,E01004989 : Bury 019C,1.3058,1.19,1.1492,1.0725
E01005007,E01005007 : Bury 019D,1.5168,1.6161,0.7933,1.8384
E01005011,E01005011 : Bury 019E,1.451,1.7236,1.2682,1.8183
E01004983,E01004983 : Bury 020A,1.0564,1.7334,0.7709,1.2108
E01004986,E01004986 : Bury 020B,0.7988,1.5699,0.7633,0.8491
E01004987,E01004987 : Bury 020C,1.6988,1.2866,1.018,1.3872
E01004988,E01004988 : Bury 020D,1.2244,1.3033,1.3245,1.3316
E01004941,E01004941 : Bury 021A,2.9125,2.6463,1.7351,1.2762
E01004942,E01004942 : Bury 021B,1.3908,2.3539,1.156,1.2034
E01004943,E01004943 : Bury 021C,1.5377,2.3461,1.2428,1.7976
E01004944,E01004944 : Bury 021D,2.4215,2.7851,1.5731,1.4154
E01004946,E01004946 : Bury 021E,2.6264,1.87,1.5311,1.0722
E01004969,E01004969 : Bury 022A,4.0019,3.6895,4.9284,3.6155
E01004970,E01004970 : Bury 022B,1.9061,1.6797,2.8418,1.6797
E01004971,E01004971 : Bury 022C,1.0032,1.3181,1.7441,1.3181
E01005034,E01005034 : Bury 022D,1.8779,0.713,0.8217,0.9338
E01004972,E01004972 : Bury 023A,1.1546,0.5899,1.8388,0.661
E01004973,E01004973 : Bury 023B,0.9448,1.137,2.0438,1.1609
E01004975,E01004975 : Bury 023C,1.4262,1.4757,2.1095,1.4757
E01005039,E01005039 : Bury 023D,1.4485,0.6609,1.9367,0.9312
E01005045,E01005045 : Bury 023E,2.0263,1.4572,2.2171,1.7026
E01004974,E01004974 : Bury 024A,1.2988,0.9847,1.3422,1.1819
E01005033,E01005033 : Bury 024B,1.8375,1.9433,1.2389,1.0412
E01005036,E01005036 : Bury 024C,2.0927,1.0404,1.0919,1.2994
E01005037,E01005037 : Bury 024D,1.3264,2.6888,2.0114,2.6661
E01005031,E01005031 : Bury 025A,1.218,3.4226,1.5812,3.1068
E01005032,E01005032 : Bury 025B,2.1439,3.8367,1.8895,3.1279
E01005035,E01005035 : Bury 025C,2.3365,1.1753,0.9337,1.3744
E01005038,E01005038 : Bury 025D,1.3366,2.9488,1.1615,2.2601
E01005040,E01005040 : Bury 026A,1.606,2.5855,2.5855,1.3439
E01005041,E01005041 : Bury 026B,1.2224,1.675,1.675,1.2272
E01005042,E01005042 : Bury 026C,1.216,0.9725,1.2091,0.9418
E01005043,E01005043 : Bury 026D,0.7899,0.9998,0.9998,0.7824
E01005044,E01005044 : Bury 026E,1.5725,1.027,0.9086,0.8179
E01005659,E01005659 : Salford 001A,1.9028,2.1716,2.1716,2.2707
E01005660,E01005660 : Salford 001B,1.0958,0.9195,1.503,0.8118
E01005663,E01005663 : Salford 001C,1.8196,1.2868,1.1238,1.9683
E01005664,E01005664 : Salford 001D,2.3058,2.3883,2.5187,2.368
E01005665,E01005665 : Salford 001E,1.5956,1.2341,2.0533,1.1709
E01005703,E01005703 : Salford 002A,1.7267,1.5114,1.8987,1.2763
E01005704,E01005704 : Salford 002B,0.881,0.9692,1.21,0.7724
E01005706,E01005706 : Salford 002C,1.3874,1.35,1.2199,1.5758
E01005708,E01005708 : Salford 002D,1.0014,0.9279,1.1858,1.0707
E01005702,E01005702 : Salford 003A,2.1963,2.0137,2.348,1.6372
E01005707,E01005707 : Salford 003C,1.5139,1.4398,1.5603,1.6023
E01033976,E01033976 : Salford 003D,2.5154,2.466,2.6061,2.4744
E01033977,E01033977 : Salford 003E,0.8065,0.8065,0.9298,0.8609
E01005661,E01005661 : Salford 004A,1.9493,1.7885,1.7885,1.8936
E01005662,E01005662 : Salford 004B,2.0836,2.1216,2.1216,2.2207
E01005709,E01005709 : Salford 004C,2.5447,2.3604,2.2423,2.7821
E01005710,E01005710 : Salford 004D,3.1191,2.9477,2.6258,3.2156
E01005670,E01005670 : Salford 005A,1.1297,1.4075,1.4075,0.971
E01005672,E01005672 : Salford 005B,0.9381,0.9646,0.9646,0.6347
E01005676,E01005676 : Salford 005C,3.4308,3.5239,3.5239,2.8367
E01005677,E01005677 : Salford 005D,2.0845,2.1776,2.1776,1.4904
E01005686,E01005686 : Salford 006A,1.5311,1.2794,1.2707,1.3215
E01005688,E01005688 : Salford 006B,1.7971,1.7588,1.7584,1.4032
E01005691,E01005691 : Salford 006C,3.4436,2.7068,2.7083,3.1317
E01005692,E01005692 : Salford 006D,1.1881,1.2813,1.2813,0.7647
E01005711,E01005711 : Salford 007A,2.1658,2.1164,2.2915,2.1249
E01005712,E01005712 : Salford 007B,0.8725,0.8232,1.1188,0.8316
E01005713,E01005713 : Salford 007C,2.1586,1.3906,2.5595,1.3906
E01005714,E01005714 : Salford 007D,2.5211,2.5303,2.9365,2.5303
E01005715,E01005715 : Salford 007E,2.0926,2.1104,2.508,2.1104
E01005718,E01005718 : Salford 007F,1.0021,0.9923,1.137,1.09
E01005673,E01005673 : Salford 008A,2.2179,2.5409,1.8982,2.6194
E01005678,E01005678 : Salford 008C,2.6087,2.7019,2.7019,2.0147
E01005679,E01005679 : Salford 008D,3.5552,3.6484,3.6484,2.9611
E01033978,E01033978 : Salford 008E,3.9813,3.9813,2.8772,4.289
E01033979,E01033979 : Salford 008F,3.6345,4.0057,3.1762,4.4623
E01005687,E01005687 : Salford 009A,2.3412,1.1806,2.3412,1.4565
E01005689,E01005689 : Salford 009B,1.9141,1.3517,1.3135,1.7755
E01005690,E01005690 : Salford 009C,0.8616,1.0172,0.8521,1.0174
E01005693,E01005693 : Salford 009D,2.9524,2.2253,2.2212,2.7178
E01005646,E01005646 : Salford 010A,0.7611,1.7125,1.9924,1.6999
E01005649,E01005649 : Salford 010B,1.178,1.9993,2.1012,1.9392
E01005650,E01005650 : Salford 010C,1.6226,1.4736,1.4736,1.4736
E01005651,E01005651 : Salford 010D,1.0088,1.573,1.6041,1.562
E01005647,E01005647 : Salford 011A,1.0613,2.2131,2.0131,1.5849
E01005648,E01005648 : Salford 011B,2.0668,2.7936,2.722,3.5844
E01005652,E01005652 : Salford 011C,2.7508,3.472,3.0296,5.1614
E01005653,E01005653 : Salford 011D,1.1446,1.6413,1.6413,4.5521
E01005671,E01005671 : Salford 012A,1.0592,1.3155,1.3155,1.1503
E01005674,E01005674 : Salford 012B,1.6101,1.6101,1.2143,1.6101
E01005694,E01005694 : Salford 012C,1.6627,1.7409,1.5948,1.7409
E01005696,E01005696 : Salford 012D,1.3703,1.677,1.7451,1.677
E01005698,E01005698 : Salford 012E,0.8909,0.8909,0.7295,0.8909
E01005700,E01005700 : Salford 012F,0.9452,1.1426,0.8434,1.0824
E01005716,E01005716 : Salford 013A,2.6532,0.8534,2.3808,0.8534
E01005717,E01005717 : Salford 013B,2.7217,1.553,2.9073,1.553
E01005734,E01005734 : Salford 013C,1.4801,1.1659,0.9831,1.0523
E01005735,E01005735 : Salford 013D,1.7938,1.4795,1.2968,0.9809
E01005736,E01005736 : Salford 013E,1.1306,0.8849,1.1615,1.7867
E01005737,E01005737 : Salford 013F,2.516,2.774,3.0641,2.4579
E01005739,E01005739 : Salford 013G,2.0328,1.8057,1.9679,2.4122
E01005695,E01005695 : Salford 014A,1.0668,1.8316,1.8607,1.8304
E01005697,E01005697 : Salford 014B,1.4815,0.997,1.5293,0.997
E01005738,E01005738 : Salford 014C,1.1226,3.9942,4.3311,2.5515
E01005740,E01005740 : Salford 014D,3.3586,2.9394,3.6766,2.9394
E01005741,E01005741 : Salford 014E,1.5025,2.6058,2.6335,2.6058
E01005742,E01005742 : Salford 014F,1.3232,1.303,1.4318,1.303
E01005625,E01005625 : Salford 015A,2.1616,1.9915,1.5925,1.6724
E01005627,E01005627 : Salford 015B,1.8572,0.7618,1.0775,0.8742
E01005699,E01005699 : Salford 015C,2.3171,2.4195,1.5178,2.5726
E01005701,E01005701 : Salford 015D,2.0292,2.0153,1.1217,2.0574
E01005624,E01005624 : Salford 017A,1.391,1.3472,2.061,1.3831
E01005680,E01005680 : Salford 017B,1.4295,1.2739,1.0014,0.9822
E01005683,E01005683 : Salford 017C,2.9407,3.1013,1.1525,1.9423
E01033980,E01033980 : Salford 017G,1.8302,2.1349,1.413,2.0237
E01033981,E01033981 : Salford 017H,1.489,2.8014,1.5797,2.2719
E01005622,E01005622 : Salford 018A,0.8579,0.8579,1.1602,0.5671
E01005623,E01005623 : Salford 018B,1.1743,1.453,1.7526,1.0244
E01005626,E01005626 : Salford 018C,1.8622,1.6462,1.3624,1.3844
E01005628,E01005628 : Salford 018D,1.2024,1.4939,1.6478,1.1388
E01005725,E01005725 : Salford 019A,1.0292,1.9527,3.5323,1.1658
E01005726,E01005726 : Salford 019B,0.9792,2.293,2.6089,0.6444
E01005727,E01005727 : Salford 019C,1.0637,1.3968,3.3289,1.1773
E01005728,E01005728 : Salford 019D,2.1841,2.1146,1.7268,1.6658
E01005733,E01005733 : Salford 019E,1.5011,2.9695,3.6273,1.2598
E01005631,E01005631 : Salford 020A,1.1846,0.9235,0.9009,1.1453
E01005632,E01005632 : Salford 020B,1.0967,1.2056,1.6463,0.9852
E01005633,E01005633 : Salford 020C,1.6587,1.1648,1.9851,1.6706
E01005634,E01005634 : Salford 020D,0.8287,1.1179,2.9008,1.1066
E01005635,E01005635 : Salford 020E,1.5359,1.4997,1.5613,1.2654
E01005636,E01005636 : Salford 020F,2.2616,1.9769,2.0883,1.8832
E01005637,E01005637 : Salford 020G,1.0215,0.7569,2.6021,0.7517
E01005629,E01005629 : Salford 021A,1.0238,1.3739,1.4777,1.1785
E01005630,E01005630 : Salford 021B,1.3536,1.0525,1.0525,1.2332
E01005719,E01005719 : Salford 021C,1.5101,1.2366,1.5105,1.5609
E01005722,E01005722 : Salford 021E,1.8046,1.1083,1.1083,1.0783
E01005723,E01005723 : Salford 021F,1.5046,0.96,1.4965,1.3804
E01005724,E01005724 : Salford 021G,1.3491,0.7374,1.1588,0.9437
E01033982,E01033982 : Salford 021H,1.5833,0.647,0.645,0.7854
E01033983,E01033983 : Salford 021I,2.037,1.1257,1.4126,1.3202
E01005654,E01005654 : Salford 023A,0.6412,0.6412,0.8544,0.5492
E01005656,E01005656 : Salford 023B,0.6752,0.6752,0.6752,0.884
E01005657,E01005657 : Salford 023C,0.7715,0.7263,1.0489,0.7135
E01005721,E01005721 : Salford 023D,1.2491,1.0627,1.0157,1.0282
E01005681,E01005681 : Salford 024C,1.7389,1.591,0.8409,1.6403
E01005682,E01005682 : Salford 024D,1.5349,0.9113,0.748,1.3733
E01033984,E01033984 : Salford 024E,1.9916,1.5525,1.5486,1.4258
E01005729,E01005729 : Salford 025A,2.3149,1.1347,1.2423,1.1347
E01005730,E01005730 : Salford 025B,2.7983,1.5671,2.3433,1.1185
E01005731,E01005731 : Salford 025C,3.2065,2.9013,3.6291,1.8928
E01005732,E01005732 : Salford 025D,3.0789,2.8195,3.3934,1.9943
E01005599,E01005599 : Salford 026A,0.6332,0.0899,0.0899,0.6332
E01005600,E01005600 : Salford 026B,1.4175,1.756,1.2389,1.4338
E01005601,E01005601 : Salford 026C,1.6158,1.6852,1.5701,1.5869
E01005602,E01005602 : Salford 026D,2.1006,1.8193,1.8049,1.6949
E01005603,E01005603 : Salford 027A,1.8765,0.7681,1.6176,0.7662
E01005604,E01005604 : Salford 027B,2.7752,1.4297,2.2652,1.3815
E01005605,E01005605 : Salford 027C,2.6271,1.3194,2.4115,0.7297
E01005638,E01005638 : Salford 027D,1.0996,1.4057,1.3134,0.9514
E01005639,E01005639 : Salford 029A,2.5786,2.0943,1.5046,2.16
E01005640,E01005640 : Salford 029B,2.7229,2.1188,1.922,1.1175
E01005641,E01005641 : Salford 029C,2.1319,1.5277,1.2894,1.1389
E01005642,E01005642 : Salford 029D,1.8969,1.2928,1.2972,0.9087
E01005643,E01005643 : Salford 029E,1.5092,1.2006,1.2561,1.7722
E01005644,E01005644 : Salford 029F,1.3617,1.575,1.6837,2.0812
E01005645,E01005645 : Salford 029G,0.757,1.0603,1.8273,1.8867
E01005616,E01005616 : Salford 030A,4.8345,4.8345,3.7607,1.8498
E01005617,E01005617 : Salford 030B,3.038,3.038,3.9069,2.5762
E01005618,E01005618 : Salford 030C,3.6206,3.6206,3.6416,1.3788
E01005619,E01005619 : Salford 030D,5.2228,5.2228,2.891,2.0853
E01005620,E01005620 : Salford 030E,1.0285,1.3269,1.2815,0.9482
E01005621,E01005621 : Salford 030F,1.1666,0.9838,1.4198,1.1966
E01005613,E01005613 : Salford 031A,1.2455,1.6005,1.2517,0.9135
E01005612,E01005612 : Salford 031B,1.293,1.6784,1.167,1.0873
E01005614,E01005614 : Salford 031C,1.5129,1.1673,0.9975,0.8679
E01033985,E01033985 : Salford 032A,1.029,1.4095,1.679,0.9041
E01033986,E01033986 : Salford 032B,1.1259,1.3297,2.41,1.0232
E01005611,E01005611 : Salford 032C,1.1125,2.045,2.0295,1.5066
E01005615,E01005615 : Salford 032D,1.5545,1.4589,1.4589,1.4475
E01033987,E01033987 : Salford 033A,1.3205,1.2489,1.4514,0.9975
E01033988,E01033988 : Salford 033B,1.0821,0.8743,1.3718,0.9098
E01033989,E01033989 : Salford 033C,0.8044,0.8254,1.5114,0.6362
E01033990,E01033990 : Salford 033D,1.049,0.5149,1.3812,0.8767
E01033330,E01033330 : Salford 033E,1.3595,1.2349,1.8866,0.9623
E01032909,E01032909 : Salford 033F,1.1003,0.7247,1.5058,1.3052
E01033991,E01033991 : Salford 034A,1.7811,1.1416,1.1416,1.3736
E01033992,E01033992 : Salford 034B,1.2524,1.5084,1.7022,1.2253
E01005610,E01005610 : Salford 034C,2.401,2.0274,3.1105,2.1176
E01032684,E01032684 : Salford 034D,1.4741,1.4307,2.144,1.0344
E01032906,E01032906 : Salford 034E,0.6919,0.886,1.3423,0.6366
E01032914,E01032914 : Salford 035A,1.6144,1.6447,1.6447,1.6346
E01032912,E01032912 : Salford 035B,1.4317,1.3383,1.2886,1.4124
E01005667,E01005667 : Salford 035C,1.288,1.1213,1.1063,1.288
E01033993,E01033993 : Salford 036A,1.6085,1.6085,1.5033,1.1946
E01033994,E01033994 : Salford 036B,2.139,2.1925,1.9096,1.7247
E01032915,E01032915 : Salford 036C,1.9105,1.9152,1.3721,1.7026
E01033995,E01033995 : Salford 037A,1.5101,2.9168,2.9168,2.7927
E01033996,E01033996 : Salford 037B,1.7677,2.7184,2.7184,2.7184
E01033997,E01033997 : Salford 037C,1.3581,1.3581,1.3242,1.3581
E01033998,E01033998 : Salford 037D,1.6401,1.6914,1.6416,1.6914
E01033999,E01033999 : Salford 037E,1.2023,1.2023,1.0048,1.2023
E01005098,E01005098 : Manchester 001A,1.4249,1.4692,2.9986,1.7132
E01005099,E01005099 : Manchester 001B,1.1885,0.795,2.6995,1.0404
E01005100,E01005100 : Manchester 001C,1.0303,1.0229,2.2983,1.187
E01005102,E01005102 : Manchester 001D,1.0075,1.8347,2.5811,1.5885
E01005103,E01005103 : Manchester 001E,0.7824,1.8056,1.3444,1.9062
E01005101,E01005101 : Manchester 002A,1.1454,1.0104,1.7341,1.0782
E01005135,E01005135 : Manchester 002B,1.5754,1.1584,2.8367,0.8339
E01005136,E01005136 : Manchester 002C,1.72,0.902,2.1375,1.1581
E01005138,E01005138 : Manchester 002D,2.1281,1.2522,2.5859,1.5554
E01034107,E01034107 : Manchester 002F,1.4454,0.9117,1.2307,0.9117
E01034108,E01034108 : Manchester 002G,2.207,0.8836,1.4334,0.8836
E01005139,E01005139 : Manchester 003B,1.8865,1.8429,2.6674,1.2404
E01005141,E01005141 : Manchester 003C,1.2433,1.2433,1.2433,1.1149
E01005251,E01005251 : Manchester 003D,1.3714,1.8535,2.0744,1.0098
E01005252,E01005252 : Manchester 003E,1.2172,1.2172,1.2172,1.4201
E01033685,E01033685 : Manchester 003F,1.3597,1.3597,1.3597,1.6207
E01033687,E01033687 : Manchester 003G,0.8844,0.8844,0.8844,1.3381
E01005104,E01005104 : Manchester 004A,1.8966,2.665,1.9748,2.292
E01005160,E01005160 : Manchester 004B,1.507,2.6587,2.7552,1.3138
E01005161,E01005161 : Manchester 004C,1.62,1.7525,2.6017,2.5459
E01005162,E01005162 : Manchester 004D,0.9165,2.1856,2.3806,1.4911
E01005163,E01005163 : Manchester 004E,1.2183,2.0817,2.4328,2.0274
E01005247,E01005247 : Manchester 005A,1.6345,0.7438,3.0482,0.6909
E01005248,E01005248 : Manchester 005B,2.0633,2.063,2.5534,2.1645
E01005249,E01005249 : Manchester 005C,2.1897,1.8205,2.3209,2.1093
E01005250,E01005250 : Manchester 005D,1.8149,2.0727,2.3821,1.9187
E01005253,E01005253 : Manchester 005E,1.0639,1.4186,2.4671,1.2335
E01005254,E01005254 : Manchester 005F,1.6276,0.8797,2.7626,0.9779
E01005164,E01005164 : Manchester 006A,1.2961,0.9804,1.4519,1.8694
E01005205,E01005205 : Manchester 006B,1.2163,0.6491,0.6763,0.7347
E01005206,E01005206 : Manchester 006C,1.0055,0.7982,0.7982,1.0522
E01005207,E01005207 : Manchester 006D,1.2052,1.1662,0.9328,1.0903
E01005223,E01005223 : Manchester 007A,0.8468,0.8633,1.5118,0.7463
E01005224,E01005224 : Manchester 007B,0.6753,0.9078,1.4712,0.849
E01005225,E01005225 : Manchester 007C,0.9725,0.7122,2.3378,0.7258
E01005226,E01005226 : Manchester 007D,0.789,0.8398,2.0371,0.6114
E01005229,E01005229 : Manchester 007E,1.4033,1.3201,2.2904,1.2222
E01005145,E01005145 : Manchester 008A,0.9902,0.9489,0.9489,0.6249
E01005149,E01005149 : Manchester 008C,1.3882,0.9938,1.0707,0.6738
E01005165,E01005165 : Manchester 008D,1.1618,1.3555,1.4391,1.249
E01005166,E01005166 : Manchester 008E,0.8227,0.9458,1.167,0.9972
E01005167,E01005167 : Manchester 008F,1.4274,1.5053,1.5922,1.602
E01034109,E01034109 : Manchester 008G,1.2897,1.2571,1.2571,1.4815
E01034110,E01034110 : Manchester 008H,0.9514,1.4029,1.4029,1.4972
E01005202,E01005202 : Manchester 009A,1.3212,0.7965,0.8045,0.8976
E01005203,E01005203 : Manchester 009B,1.4102,0.9443,1.1954,1.3981
E01005227,E01005227 : Manchester 009D,0.8502,0.7362,1.2781,0.9371
E01005228,E01005228 : Manchester 009E,1.3809,1.1513,2.1397,1.1207
E01033678,E01033678 : Manchester 009F,1.8529,1.7778,1.3152,1.0123
E01033679,E01033679 : Manchester 009G,1.6682,1.2647,1.8549,0.9686
E01005256,E01005256 : Manchester 011A,1.05,1.1347,0.906,1.0364
E01005257,E01005257 : Manchester 011B,2.2815,2.0333,1.7211,1.8418
E01005258,E01005258 : Manchester 011C,0.7457,1.298,1.0812,0.7457
E01005259,E01005259 : Manchester 011D,0.8669,1.2273,1.0596,0.8669
E01005260,E01005260 : Manchester 011E,1.6656,2.2086,2.0902,1.6656
E01005093,E01005093 : Manchester 012A,0.8674,1.4141,1.4141,0.8908
E01005094,E01005094 : Manchester 012B,1.1644,1.8399,1.8399,0.8308
E01005097,E01005097 : Manchester 012C,1.2649,1.6595,1.6595,1.2546
E01005255,E01005255 : Manchester 012D,1.6384,1.9815,1.7791,1.6384
E01005261,E01005261 : Manchester 012E,1.603,1.7059,1.3023,1.603
E01005092,E01005092 : Manchester 015A,1.1162,1.1166,1.1166,0.7129
E01005105,E01005105 : Manchester 015C,1.4604,1.4586,1.4556,1.8207
E01005106,E01005106 : Manchester 015D,1.0788,1.0042,0.7139,1.0394
E01005107,E01005107 : Manchester 015E,2.1677,2.0611,1.8647,2.0784
E01033668,E01033668 : Manchester 015F,2.5553,1.8922,1.8922,2.1268
E01033669,E01033669 : Manchester 015G,1.8724,1.7674,1.7284,1.5677
E01005189,E01005189 : Manchester 017D,1.2285,0.8276,0.8276,1.3184
E01005190,E01005190 : Manchester 017E,0.8584,1.2109,0.9495,1.5534
E01034111,E01034111 : Manchester 017G,1.2415,1.2003,1.3579,1.2003
E01034112,E01034112 : Manchester 017H,0.6442,0.7294,0.7433,0.6941
E01034113,E01034113 : Manchester 017I,1.3727,1.3335,1.4309,1.3315
E01034114,E01034114 : Manchester 017J,0.8296,1.0508,0.915,1.0155
E01005061,E01005061 : Manchester 018A,1.9735,1.0124,1.359,1.1089
E01005063,E01005063 : Manchester 018C,0.9638,0.9638,0.9638,0.7447
E01005065,E01005065 : Manchester 018D,0.8944,0.8944,0.853,0.8913
E01005066,E01005066 : Manchester 018E,1.4016,1.4016,1.1534,1.1608
E01034115,E01034115 : Manchester 018F,1.3531,1.0976,0.882,1.0802
E01034116,E01034116 : Manchester 018G,1.514,1.4887,1.1576,0.6417
E01005208,E01005208 : Manchester 019A,0.8377,1.1997,0.6769,0.9814
E01005210,E01005210 : Manchester 019C,1.877,1.7447,0.8269,0.7558
E01005214,E01005214 : Manchester 019D,1.5751,0.8641,0.8641,0.898
E01034117,E01034117 : Manchester 019E,1.5979,1.7152,1.0668,1.3392
E01034118,E01034118 : Manchester 019F,1.2216,2.0458,0.9009,1.1145
E01005067,E01005067 : Manchester 020A,1.5401,1.0585,0.7901,1.1415
E01005186,E01005186 : Manchester 020B,1.772,1.3362,1.0429,1.8514
E01005232,E01005232 : Manchester 020C,1.4886,1.0979,1.0598,1.1877
E01005235,E01005235 : Manchester 020D,1.9576,1.2667,1.1484,1.4826
E01005239,E01005239 : Manchester 020E,1.7473,1.0312,1.3574,1.4195
E01005187,E01005187 : Manchester 021A,1.1908,1.2144,0.9143,1.1791
E01005188,E01005188 : Manchester 021B,1.491,1.5509,0.9875,1.5339
E01005191,E01005191 : Manchester 021C,0.6513,0.869,0.8235,1.43
E01005192,E01005192 : Manchester 021D,1.1163,1.8639,1.8639,1.5751
E01005193,E01005193 : Manchester 021E,1.3129,2.116,2.3166,1.2669
E01005230,E01005230 : Manchester 022B,1.5529,0.8842,0.7662,1.3737
E01005231,E01005231 : Manchester 022C,1.7869,0.8959,0.7721,0.9051
E01005236,E01005236 : Manchester 022D,1.0565,0.6405,0.6405,1.1428
E01005237,E01005237 : Manchester 022E,0.753,0.6428,0.6428,0.6271
E01034119,E01034119 : Manchester 022H,2.114,1.2014,0.7158,1.2629
E01005195,E01005195 : Manchester 023A,2.9363,1.5677,1.5677,1.119
E01005197,E01005197 : Manchester 023C,1.5597,1.3555,1.3555,1.8039
E01005198,E01005198 : Manchester 023D,2.6316,1.0595,1.0595,0.895
E01005201,E01005201 : Manchester 023E,1.899,0.8193,0.8193,1.1309
E01034120,E01034120 : Manchester 023F,2.4381,1.9939,1.9939,2.0983
E01034121,E01034121 : Manchester 023G,3.3387,2.8469,2.8469,2.3982
E01005243,E01005243 : Manchester 024B,1.261,1.1419,0.8736,0.9974
E01005245,E01005245 : Manchester 024C,0.7779,1.7342,0.7393,0.8024
E01005246,E01005246 : Manchester 024D,0.8707,2.0943,0.9948,0.8111
E01034122,E01034122 : Manchester 024E,0.842,2.0576,1.2274,0.701
E01034123,E01034123 : Manchester 024F,0.5875,1.7182,0.9931,0.5875
E01005244,E01005244 : Manchester 025C,0.627,1.1757,0.9811,0.9872
E01005285,E01005285 : Manchester 025D,1.1052,0.7398,0.7398,0.7053
E01005288,E01005288 : Manchester 025E,1.0827,0.691,0.6847,0.5908
E01034124,E01034124 : Manchester 025F,0.6703,1.7206,1.1698,0.7744
E01034125,E01034125 : Manchester 025G,0.9649,1.2156,1.0343,0.9215
E01034126,E01034126 : Manchester 025H,1.3838,2.0876,1.5691,0.9933
E01034127,E01034127 : Manchester 025I,1.066,1.5326,0.5631,1.0745
E01005280,E01005280 : Manchester 026A,1.1644,1.4728,1.5782,1.5577
E01005281,E01005281 : Manchester 026B,1.2876,1.1288,1.1288,1.1248
E01005284,E01005284 : Manchester 026C,1.4998,0.8893,0.7717,0.7436
E01005286,E01005286 : Manchester 026D,0.9807,0.9945,0.9945,0.8651
E01005287,E01005287 : Manchester 026E,0.9834,0.97,0.97,0.9511
E01005297,E01005297 : Manchester 028A,1.0275,1.0623,1.2127,1.0668
E01005298,E01005298 : Manchester 028B,1.9621,0.697,1.4304,0.6604
E01005302,E01005302 : Manchester 028C,1.2286,1.0542,0.8766,1.0316
E01033680,E01033680 : Manchester 028E,1.2573,0.9249,0.9249,0.915
E01033686,E01033686 : Manchester 028F,0.7077,0.7856,0.7856,0.7689
E01005150,E01005150 : Manchester 029A,0.6681,0.8094,0.8098,0.6545
E01005151,E01005151 : Manchester 029B,1.7591,1.6935,1.6603,1.5633
E01005152,E01005152 : Manchester 029C,1.18,1.1604,1.0028,1.229
E01005159,E01005159 : Manchester 029D,1.1368,1.1735,0.8243,1.2589
E01005296,E01005296 : Manchester 029E,1.4335,0.8987,1.0482,0.8987
E01005299,E01005299 : Manchester 029F,1.7877,0.9059,1.4245,0.9059
E01005178,E01005178 : Manchester 030A,0.871,1.9919,1.1417,0.664
E01005179,E01005179 : Manchester 030B,1.6947,1.3381,1.3381,1.823
E01005180,E01005180 : Manchester 030C,0.8867,1.9202,0.9442,1.0144
E01005181,E01005181 : Manchester 030D,1.6881,0.9363,0.9363,2.0266
E01005182,E01005182 : Manchester 030E,1.1719,1.8018,1.2917,0.987
E01005183,E01005183 : Manchester 030F,0.829,1.5486,1.3155,1.1978
E01005219,E01005219 : Manchester 031A,0.9376,0.7197,0.7197,0.575
E01005220,E01005220 : Manchester 031B,1.0964,0.941,0.941,0.891
E01005221,E01005221 : Manchester 031C,0.8822,0.7786,0.7786,0.765
E01005222,E01005222 : Manchester 031D,0.7306,1.5363,1.5363,1.5363
E01005184,E01005184 : Manchester 032A,1.421,1.7211,1.6426,1.3936
E01005185,E01005185 : Manchester 032B,1.9029,1.4097,1.3648,1.1481
E01005271,E01005271 : Manchester 032C,1.2327,1.3988,0.91,1.3698
E01034128,E01034128 : Manchester 032F,2.5116,2.0111,2.479,1.6467
E01005154,E01005154 : Manchester 033A,0.6663,0.9675,0.9675,0.7063
E01005156,E01005156 : Manchester 033B,0.9036,1.5263,1.9427,1.4669
E01005158,E01005158 : Manchester 033C,1.0903,1.2315,2.0973,1.0505
E01005300,E01005300 : Manchester 033D,2.2698,1.3131,1.4793,1.6436
E01005301,E01005301 : Manchester 033E,1.4387,0.7169,1.6051,0.7169
E01005118,E01005118 : Manchester 034A,1.0667,1.408,1.279,1.1092
E01005120,E01005120 : Manchester 034B,1.6354,1.9662,1.2152,0.9176
E01005215,E01005215 : Manchester 034C,1.0958,2.1717,2.1717,2.1717
E01005216,E01005216 : Manchester 034D,1.0961,1.4403,1.4403,1.2994
E01005217,E01005217 : Manchester 034E,0.9617,1.7148,1.6028,1.4361
E01005218,E01005218 : Manchester 034F,0.759,0.9947,0.9947,0.8432
E01005270,E01005270 : Manchester 035A,0.9348,1.1916,1.7653,1.1635
E01005272,E01005272 : Manchester 035B,1.1835,1.0818,1.0179,1.1246
E01005273,E01005273 : Manchester 035C,0.5042,0.8389,1.2344,0.8389
E01005278,E01005278 : Manchester 035D,0.7973,1.4729,2.0096,1.4729
E01005279,E01005279 : Manchester 035E,0.778,1.1691,1.5402,1.169
E01005305,E01005305 : Manchester 036A,0.9844,0.8676,1.1936,0.9029
E01005309,E01005309 : Manchester 036B,1.3697,1.1966,1.3276,1.2655
E01005310,E01005310 : Manchester 036C,1.5927,0.9085,1.624,0.912
E01005311,E01005311 : Manchester 036D,0.8162,0.5731,1.6286,0.5748
E01005312,E01005312 : Manchester 036E,1.2485,0.666,1.5918,0.8825
E01005082,E01005082 : Manchester 037A,2.2471,1.039,2.6176,1.039
E01005153,E01005153 : Manchester 037B,1.0499,1.6201,1.6201,0.5746
E01005155,E01005155 : Manchester 037C,1.7105,1.7528,1.7528,1.0686
E01005157,E01005157 : Manchester 037D,1.8434,2.2348,2.5218,1.3542
E01005274,E01005274 : Manchester 038A,0.6704,0.5097,1.1497,0.5335
E01005275,E01005275 : Manchester 038B,0.6117,0.9967,1.3396,1.1882
E01005276,E01005276 : Manchester 038C,0.6507,0.9667,0.5469,0.9864
E01005277,E01005277 : Manchester 038D,1.0398,1.3839,1.2289,1.1393
E01005076,E01005076 : Manchester 039A,1.0451,0.9243,1.4737,1.067
E01005081,E01005081 : Manchester 039C,2.3538,1.8319,2.3408,1.8319
E01005083,E01005083 : Manchester 039D,1.6726,1.2952,0.9468,1.9459
E01033670,E01033670 : Manchester 039E,1.502,1.1787,0.8432,1.9292
E01033671,E01033671 : Manchester 039F,1.0196,0.8468,0.9217,1.5233
E01005125,E01005125 : Manchester 040A,0.7752,0.7932,1.7002,0.6699
E01005304,E01005304 : Manchester 040B,0.6687,1.0186,1.2199,1.0186
E01005306,E01005306 : Manchester 040C,0.7855,1.3268,1.6989,1.5039
E01005307,E01005307 : Manchester 040D,1.1195,1.3849,0.9266,1.3849
E01005308,E01005308 : Manchester 040E,1.1872,1.449,0.9425,1.2958
E01005119,E01005119 : Manchester 041A,1.7151,1.7378,1.1776,1.3332
E01005121,E01005121 : Manchester 041B,0.8786,1.0218,1.0218,1.0021
E01005122,E01005122 : Manchester 041C,2.1119,2.4493,1.0273,1.0841
E01005123,E01005123 : Manchester 041D,0.8228,0.8257,0.8282,0.8257
E01005124,E01005124 : Manchester 041E,1.0375,1.0792,1.4974,1.0203
E01005077,E01005077 : Manchester 042A,2.5361,1.8659,1.8659,0.7155
E01005078,E01005078 : Manchester 042B,2.1203,1.607,1.5073,1.9347
E01005079,E01005079 : Manchester 042C,2.1131,1.3245,1.3245,1.5591
E01005084,E01005084 : Manchester 042D,2.5257,1.4338,1.8999,1.3645
E01005172,E01005172 : Manchester 043A,0.8934,1.0741,2.0302,0.9335
E01005173,E01005173 : Manchester 043B,1.5698,1.5745,2.2351,1.33
E01005174,E01005174 : Manchester 043C,0.9304,1.2641,2.6826,1.0602
E01005175,E01005175 : Manchester 043D,1.33,1.3571,2.5313,0.7139
E01005176,E01005176 : Manchester 043E,0.5763,0.667,2.3371,0.4631
E01005177,E01005177 : Manchester 043F,1.2383,0.9528,2.2739,0.9363
E01005115,E01005115 : Manchester 044A,2.8137,1.1933,2.5489,0.9773
E01005262,E01005262 : Manchester 044B,2.8875,1.5871,2.9245,0.8509
E01005264,E01005264 : Manchester 044C,1.5731,1.8326,1.8985,1.2327
E01005265,E01005265 : Manchester 044D,1.894,1.1855,1.9331,1.1119
E01005266,E01005266 : Manchester 044E,2.0088,1.4431,2.5965,1.2156
E01005126,E01005126 : Manchester 045A,0.9341,0.9307,1.9458,0.7207
E01005168,E01005168 : Manchester 045B,1.0272,0.9934,1.8994,1.2338
E01005169,E01005169 : Manchester 045C,1.2023,1.2982,1.4566,1.3843
E01005170,E01005170 : Manchester 045D,2.1571,2.2404,1.956,2.2404
E01005171,E01005171 : Manchester 045E,1.0123,1.5824,2.1687,1.7459
E01005263,E01005263 : Manchester 046A,1.5806,1.9325,1.5656,1.7006
E01005267,E01005267 : Manchester 046B,1.1962,1.4604,1.4604,1.0532
E01005268,E01005268 : Manchester 046C,0.6733,1.3314,1.3314,0.7428
E01005269,E01005269 : Manchester 046D,1.5933,1.2208,1.2126,1.2208
E01005069,E01005069 : Manchester 047A,3.3387,1.4537,2.6638,1.6649
E01005111,E01005111 : Manchester 047B,1.4868,1.0518,2.74,1.0518
E01005113,E01005113 : Manchester 047C,2.2715,0.6487,1.661,0.8966
E01005114,E01005114 : Manchester 047D,1.3426,0.8038,3.2015,0.8267
E01005116,E01005116 : Manchester 047E,2.6405,1.506,2.1294,1.4503
E01005071,E01005071 : Manchester 048A,4.0971,1.1421,2.119,0.6978
E01005072,E01005072 : Manchester 048B,3.6748,1.3138,2.6058,1.3138
E01005073,E01005073 : Manchester 048C,3.4926,1.9041,2.7261,1.9041
E01005112,E01005112 : Manchester 048D,3.281,1.4936,1.4936,1.4936
E01005117,E01005117 : Manchester 048E,3.2794,1.0543,1.1054,0.9942
E01005085,E01005085 : Manchester 049A,2.3712,2.0206,0.9582,2.0745
E01005086,E01005086 : Manchester 049B,1.6952,1.3658,0.8699,1.3401
E01005089,E01005089 : Manchester 049C,1.2578,0.9168,1.2394,1.141
E01005289,E01005289 : Manchester 049D,0.9786,0.8379,0.8379,1.0698
E01005295,E01005295 : Manchester 049E,2.2787,1.9105,1.0473,2.3076
E01005087,E01005087 : Manchester 050A,1.9888,1.8754,1.104,1.4724
E01005088,E01005088 : Manchester 050B,1.9167,1.7621,1.8508,1.6153
E01005090,E01005090 : Manchester 050C,1.3947,1.7743,1.8797,1.8797
E01005091,E01005091 : Manchester 050D,0.8568,0.9684,1.3268,1.2524
E01005291,E01005291 : Manchester 050E,1.1031,1.3895,1.0453,1.0324
E01005068,E01005068 : Manchester 051A,2.2918,1.5818,3.0439,1.5818
E01005070,E01005070 : Manchester 051B,3.3236,1.0445,2.8234,1.1488
E01005074,E01005074 : Manchester 051C,2.3208,1.3655,2.9737,1.3655
E01005075,E01005075 : Manchester 051D,2.3328,0.8704,2.8146,0.88
E01005319,E01005319 : Manchester 051E,0.7422,2.2024,2.1491,2.2024
E01005290,E01005290 : Manchester 052A,1.5058,1.3345,1.3345,0.9831
E01005292,E01005292 : Manchester 052B,2.2679,2.1899,2.1899,1.0143
E01005293,E01005293 : Manchester 052C,1.9684,2.1854,1.2984,1.3969
E01005294,E01005294 : Manchester 052D,2.5831,2.5385,2.1186,1.706
E01005317,E01005317 : Manchester 052E,3.2251,1.6505,2.5996,1.6309
E01005313,E01005313 : Manchester 053A,1.6307,1.5827,1.322,1.6919
E01005314,E01005314 : Manchester 053B,2.3056,1.3953,1.5296,1.6212
E01005315,E01005315 : Manchester 053C,2.5062,2.0736,2.3234,2.2532
E01005316,E01005316 : Manchester 053D,4.1419,4.3139,4.9189,2.6984
E01005318,E01005318 : Manchester 053E,3.1911,1.0983,2.2344,1.2444
E01005130,E01005130 : Manchester 054A,1.3316,1.0355,1.2695,0.7802
E01033651,E01033651 : Manchester 054B,0.4862,0.8506,1.0748,0.9161
E01033658,E01033658 : Manchester 054C,0.4862,0.9625,0.7198,0.9751
E01033664,E01033664 : Manchester 054D,0.9918,0.9932,0.7315,1.3631
E01033667,E01033667 : Manchester 054E,0.6188,0.9402,0.8956,0.7425
E01005128,E01005128 : Manchester 055A,1.6113,0.9564,0.8381,1.1021
E01033653,E01033653 : Manchester 055B,0.6946,0.7449,0.5899,0.769
E01033654,E01033654 : Manchester 055C,1.1547,0.7087,0.7769,0.9925
E01033661,E01033661 : Manchester 055E,1.4611,1.2846,0.9585,1.4345
E01034129,E01034129 : Manchester 055F,0.4076,0.7987,0.9377,0.9752
E01034130,E01034130 : Manchester 055G,0.7234,0.8099,1.085,1.2335
E01005143,E01005143 : Manchester 056A,1.0488,0.6089,0.6089,1.0364
E01033655,E01033655 : Manchester 056B,0.8543,0.8543,0.8543,1.2108
E01033665,E01033665 : Manchester 056C,1.0278,1.2591,1.3372,0.9492
E01033676,E01033676 : Manchester 056D,1.1127,1.3268,1.6679,1.2581
E01005212,E01005212 : Manchester 057A,1.9526,1.2203,1.0047,0.762
E01033656,E01033656 : Manchester 057B,1.6396,1.6403,1.216,1.3554
E01033662,E01033662 : Manchester 057C,1.438,0.9403,0.8003,0.8159
E01005142,E01005142 : Manchester 058A,0.7064,1.39,1.39,0.911
E01005147,E01005147 : Manchester 058B,1.2322,1.3557,1.1284,1.3121
E01033674,E01033674 : Manchester 058C,1.031,1.031,0.8581,1.0679
E01033675,E01033675 : Manchester 058D,1.4963,2.1435,1.0995,1.5066
E01005213,E01005213 : Manchester 059A,1.924,0.6388,0.6282,0.6771
E01033660,E01033660 : Manchester 059B,2.1385,1.2996,1.0781,1.609
E01033672,E01033672 : Manchester 059C,1.997,1.1472,0.7654,1.2249
E01033673,E01033673 : Manchester 059D,1.8287,1.58,1.3682,1.58
E01033677,E01033677 : Manchester 060A,0.6861,1.2275,0.8573,0.7793
E01033681,E01033681 : Manchester 060B,0.9105,0.9647,1.3276,1.1302
E01033682,E01033682 : Manchester 060C,0.8709,1.3492,1.1834,1.3193
E01034131,E01034131 : Manchester 060E,1.159,1.5855,0.8332,1.2342
E01034132,E01034132 : Manchester 060F,1.4908,1.4621,1.14,1.4015
E01005129,E01005129 : Manchester 061A,1.4574,1.0144,1.0144,0.9328
E01005132,E01005132 : Manchester 061B,1.8164,1.3435,1.4363,1.5593
E01034133,E01034133 : Manchester 061C,1.1473,1.0405,1.152,0.9696
E01034134,E01034134 : Manchester 061D,0.985,0.5415,1.394,1.346
E01034135,E01034135 : Manchester 062A,0.9465,0.9143,0.9465,0.9465
E01033688,E01033688 : Manchester 062B,1.7786,1.7112,1.584,1.7765
E01034136,E01034136 : Manchester 062C,1.2373,1.2128,1.2783,1.2837
E01033684,E01033684 : Manchester 062D,1.4497,1.4168,1.1069,1.6034
E01005234,E01005234 : Manchester 063A,0.6057,1.0274,0.9828,0.7619
E01005233,E01005233 : Manchester 063B,0.7199,0.9779,0.9779,1.2755
E01034137,E01034137 : Manchester 063C,1.0335,0.7957,0.7957,0.6272
E01005238,E01005238 : Manchester 063D,0.8014,1.2199,1.2199,0.9458
E01005200,E01005200 : Manchester 064A,1.6929,1.6726,1.6726,1.6359
E01034138,E01034138 : Manchester 064B,0.7204,0.883,0.883,0.5116
E01005199,E01005199 : Manchester 064C,0.7793,0.8886,0.8886,0.6247
E01005518,E01005518 : Rochdale 001A,4.2282,4.4854,5.219,4.0848
E01005520,E01005520 : Rochdale 001B,2.3515,2.6087,2.4794,2.2141
E01005522,E01005522 : Rochdale 001C,0.7558,0.8814,1.6367,0.633
E01005523,E01005523 : Rochdale 001D,1.2029,1.4486,1.4486,1.4331
E01005519,E01005519 : Rochdale 002A,2.1613,2.4495,1.7464,2.049
E01005594,E01005594 : Rochdale 002B,3.0615,5.7982,2.8415,4.78
E01005597,E01005597 : Rochdale 002C,2.8964,7.7538,4.1054,6.6166
E01005598,E01005598 : Rochdale 002D,1.2966,1.5423,1.5423,1.5423
E01005516,E01005516 : Rochdale 003A,4.6773,4.7901,5.2195,0.9219
E01005517,E01005517 : Rochdale 003B,4.419,4.6259,4.7504,1.4471
E01005521,E01005521 : Rochdale 003C,1.8371,1.9328,2.7332,1.6938
E01005596,E01005596 : Rochdale 003D,2.6936,2.694,2.093,1.9125
E01005578,E01005578 : Rochdale 004A,2.1774,1.7756,1.4347,0.7622
E01005579,E01005579 : Rochdale 004B,1.5817,1.5817,1.0227,1.2613
E01005586,E01005586 : Rochdale 004C,3.0021,2.5962,1.8039,1.1747
E01005593,E01005593 : Rochdale 004D,3.2548,4.1776,1.2576,3.3804
E01005595,E01005595 : Rochdale 004E,2.6299,2.4226,1.7221,1.4044
E01005489,E01005489 : Rochdale 005A,4.3292,1.1692,1.1692,1.1692
E01005490,E01005490 : Rochdale 005B,4.0076,1.535,1.535,1.605
E01005491,E01005491 : Rochdale 005C,4.4423,1.6444,1.6444,1.6444
E01005493,E01005493 : Rochdale 005D,4.5242,2.4731,2.4731,2.4731
E01005494,E01005494 : Rochdale 005E,3.5862,1.3238,1.3238,1.6349
E01005495,E01005495 : Rochdale 005F,2.9733,1.4845,1.4066,1.7813
E01005488,E01005488 : Rochdale 006A,3.2621,3.2686,2.0623,3.1442
E01005492,E01005492 : Rochdale 006B,4.5171,2.9583,2.4674,2.9583
E01005499,E01005499 : Rochdale 006C,4.7944,3.5368,3.5153,4.9684
E01005571,E01005571 : Rochdale 006D,4.2568,4.5618,2.7352,1.8619
E01005570,E01005570 : Rochdale 007A,3.0185,3.3236,1.497,0.7863
E01005572,E01005572 : Rochdale 007B,2.654,3.1512,1.7068,1.5911
E01005573,E01005573 : Rochdale 007C,2.2232,3.9126,1.5253,2.2147
E01005574,E01005574 : Rochdale 007D,2.0141,3.1409,2.1086,2.1644
E01005587,E01005587 : Rochdale 007E,2.3775,2.6825,2.1422,2.0632
E01005588,E01005588 : Rochdale 007F,1.455,1.7098,1.5023,1.6019
E01005580,E01005580 : Rochdale 008A,1.9822,0.8952,0.7185,1.0042
E01005581,E01005581 : Rochdale 008B,1.7286,1.0085,1.0261,0.8957
E01005583,E01005583 : Rochdale 008D,1.3666,0.7284,0.5822,0.605
E01005585,E01005585 : Rochdale 008F,1.2907,1.2346,1.0567,1.0253
E01034234,E01034234 : Rochdale 008H,1.2144,0.7043,0.7442,0.5491
E01034235,E01034235 : Rochdale 008I,0.9103,0.9103,1.0016,0.5819
E01005496,E01005496 : Rochdale 009A,2.5498,2.5591,1.3391,2.5591
E01005589,E01005589 : Rochdale 009B,1.8286,1.6225,0.9665,1.6322
E01005590,E01005590 : Rochdale 009C,2.0376,1.4475,1.8585,1.4633
E01005591,E01005591 : Rochdale 009D,1.1418,1.146,0.8734,1.146
E01005592,E01005592 : Rochdale 009E,1.8645,2.3655,2.2234,2.3655
E01005472,E01005472 : Rochdale 010A,0.6994,2.1131,0.9245,2.082
E01005473,E01005473 : Rochdale 010B,1.1216,1.819,0.6746,1.853
E01005482,E01005482 : Rochdale 010C,1.2103,0.7074,0.6763,0.8579
E01005483,E01005483 : Rochdale 010D,1.9634,0.6283,1.1764,0.6455
E01005484,E01005484 : Rochdale 010E,1.3068,0.1093,0.8455,0.8478
E01005486,E01005486 : Rochdale 010F,2.1968,0.5802,0.4539,1.231
E01005487,E01005487 : Rochdale 010G,2.3395,0.9044,1.5031,0.95
E01005474,E01005474 : Rochdale 011A,1.5418,2.2723,1.3418,2.231
E01005575,E01005575 : Rochdale 011B,2.577,4.2899,4.0365,4.3313
E01005576,E01005576 : Rochdale 011C,1.5874,4.502,3.8406,4.4774
E01005577,E01005577 : Rochdale 011D,0.9012,3.4795,3.3374,3.4795
E01005469,E01005469 : Rochdale 012A,1.7252,1.1892,0.9123,0.7499
E01005563,E01005563 : Rochdale 012B,2.0127,1.1804,0.7269,1.1675
E01005565,E01005565 : Rochdale 012C,3.443,1.6265,1.3231,2.1445
E01005566,E01005566 : Rochdale 012D,2.2486,2.0297,0.8443,1.7257
E01005568,E01005568 : Rochdale 012E,1.475,1.8598,0.7784,1.8469
E01005569,E01005569 : Rochdale 012F,2.1289,1.8673,1.1023,1.8344
E01005556,E01005556 : Rochdale 013A,1.146,2.3626,1.0829,1.6492
E01005559,E01005559 : Rochdale 013B,1.5635,2.8531,1.1099,2.3967
E01005560,E01005560 : Rochdale 013C,2.3698,1.6326,1.6637,1.7137
E01005567,E01005567 : Rochdale 013D,2.4696,2.9526,1.3967,2.8647
E01005555,E01005555 : Rochdale 014A,1.7722,2.8529,1.8609,2.102
E01005557,E01005557 : Rochdale 014B,1.9055,2.5034,1.7941,1.7693
E01005558,E01005558 : Rochdale 014C,1.4361,1.6289,0.9695,0.9474
E01005561,E01005561 : Rochdale 014D,4.3062,2.2987,3.058,3.108
E01005562,E01005562 : Rochdale 014E,3.3902,1.354,2.1419,2.192
E01005470,E01005470 : Rochdale 015A,1.829,1.6528,0.7883,0.9183
E01005471,E01005471 : Rochdale 015B,1.4136,1.9844,0.8117,1.4788
E01005475,E01005475 : Rochdale 015C,1.9052,1.6906,1.1457,1.2751
E01005485,E01005485 : Rochdale 015D,0.7043,1.1558,0.7747,0.6728
E01005564,E01005564 : Rochdale 015E,0.8909,1.5452,1.3877,1.75
E01005464,E01005464 : Rochdale 016A,1.0522,1.4666,1.0248,1.3306
E01005465,E01005465 : Rochdale 016B,2.123,1.6217,1.1891,1.5393
E01005466,E01005466 : Rochdale 016C,1.0808,1.1095,1.0564,1.1095
E01005467,E01005467 : Rochdale 016D,1.4967,1.4967,1.4967,1.4967
E01005468,E01005468 : Rochdale 016E,3.5486,3.2045,2.56,3.135
E01005476,E01005476 : Rochdale 017A,2.9831,1.9906,1.5686,1.0744
E01005477,E01005477 : Rochdale 017B,2.4515,1.9721,1.1271,0.6591
E01005478,E01005478 : Rochdale 017C,2.6347,2.6682,1.1365,0.8853
E01005479,E01005479 : Rochdale 017D,3.9186,3.4455,2.2185,1.7931
E01005480,E01005480 : Rochdale 017E,1.5817,1.8691,1.0848,1.7296
E01005481,E01005481 : Rochdale 017F,2.0422,1.7373,1.4315,1.7373
E01005497,E01005497 : Rochdale 018A,1.6941,1.4564,1.5635,1.8648
E01005501,E01005501 : Rochdale 018B,0.6666,0.815,0.7536,0.8656
E01005502,E01005502 : Rochdale 018C,0.8867,0.5722,0.534,0.8608
E01005504,E01005504 : Rochdale 018D,0.3623,0.3623,0.166,0.3231
E01005505,E01005505 : Rochdale 018E,1.9046,1.3224,1.1869,1.7025
E01005509,E01005509 : Rochdale 018F,0.9265,0.9551,0.884,1.0078
E01005510,E01005510 : Rochdale 019A,2.0318,1.3153,1.1551,1.3153
E01005511,E01005511 : Rochdale 019B,2.5033,0.9474,1.7427,0.9474
E01005512,E01005512 : Rochdale 019C,2.2591,1.2062,1.5278,1.2062
E01005513,E01005513 : Rochdale 019D,3.3965,1.1599,1.5447,1.0316
E01005514,E01005514 : Rochdale 019E,3.9122,2.8444,2.3582,2.3346
E01005515,E01005515 : Rochdale 019F,3.2412,0.9787,0.9787,1.4064
E01005498,E01005498 : Rochdale 020A,0.9976,0.9482,0.9102,1.1442
E01005500,E01005500 : Rochdale 020B,1.7658,1.7153,1.7282,1.9996
E01005503,E01005503 : Rochdale 020C,1.8017,1.6453,1.6453,2.138
E01005506,E01005506 : Rochdale 020D,1.0449,0.8866,0.8866,1.3105
E01005507,E01005507 : Rochdale 020E,1.0501,1.045,1.045,1.2949
E01005508,E01005508 : Rochdale 020F,1.7981,2.3791,2.3791,2.495
E01005524,E01005524 : Rochdale 021A,0.7553,0.894,0.5787,0.9009
E01005525,E01005525 : Rochdale 021B,2.5519,1.9902,0.9064,1.9902
E01005526,E01005526 : Rochdale 021C,2.7405,1.8412,1.5939,2.0067
E01005528,E01005528 : Rochdale 021D,1.9212,1.281,1.3879,1.3226
E01005536,E01005536 : Rochdale 021E,1.2775,0.8026,1.2599,0.8391
E01005543,E01005543 : Rochdale 021F,3.2501,2.2961,2.431,2.2928
E01005527,E01005527 : Rochdale 022A,2.2631,1.271,1.2031,1.1815
E01005529,E01005529 : Rochdale 022B,1.3047,1.0444,1.0444,1.4455
E01005551,E01005551 : Rochdale 022C,2.7178,1.6673,1.219,1.4211
E01005552,E01005552 : Rochdale 022D,3.2666,1.3266,1.5706,0.8106
E01005553,E01005553 : Rochdale 022E,1.7842,0.9576,1.1452,1.6634
E01005554,E01005554 : Rochdale 022F,3.878,2.8383,2.7331,2.2426
E01005534,E01005534 : Rochdale 023A,1.8545,1.9982,2.0935,1.9982
E01005535,E01005535 : Rochdale 023B,0.6685,0.744,2.7894,0.744
E01005537,E01005537 : Rochdale 023C,3.3481,2.066,2.2082,2.0362
E01005538,E01005538 : Rochdale 023D,2.2444,0.9669,1.4754,1.0036
E01005540,E01005540 : Rochdale 023E,2.2554,3.1236,1.395,2.7357
E01005541,E01005541 : Rochdale 023F,2.3266,2.3743,1.0446,2.4105
E01005542,E01005542 : Rochdale 023G,2.2302,3.001,1.7829,2.8277
E01005533,E01005533 : Rochdale 024A,1.366,1.7921,0.8824,1.8798
E01005539,E01005539 : Rochdale 024B,1.1818,0.8958,0.5556,1.1481
E01005546,E01005546 : Rochdale 024C,3.0595,1.976,1.976,3.0259
E01005547,E01005547 : Rochdale 024D,2.947,2.5501,2.7623,2.7759
E01005548,E01005548 : Rochdale 024E,1.1159,1.2412,0.9834,1.2523
E01005530,E01005530 : Rochdale 025A,1.2476,2.7542,1.3304,1.8981
E01005531,E01005531 : Rochdale 025B,2.3717,2.3069,2.1145,2.0196
E01005532,E01005532 : Rochdale 025C,2.0198,2.3363,1.3695,1.8968
E01005544,E01005544 : Rochdale 025D,1.7997,1.8517,3.0491,1.4955
E01005545,E01005545 : Rochdale 025E,2.093,2.6838,2.4726,1.1913
E01005549,E01005549 : Rochdale 025F,1.6212,2.1413,2.1221,1.883
E01005550,E01005550 : Rochdale 025G,1.4715,2.9833,1.8463,1.5017
E01005886,E01005886 : Stockport 001A,1.0672,1.0672,2.0962,0.8905
E01005888,E01005888 : Stockport 001B,1.2781,1.2781,2.0148,1.2722
E01005889,E01005889 : Stockport 001C,0.7525,0.7525,1.4095,0.7525
E01005891,E01005891 : Stockport 001D,1.8317,1.8343,2.3881,1.7307
E01005894,E01005894 : Stockport 001E,1.2732,1.1922,1.6792,0.9947
E01005887,E01005887 : Stockport 002A,2.1991,2.0242,2.1689,2.0242
E01005890,E01005890 : Stockport 002B,1.9596,1.6877,1.6877,1.6877
E01005893,E01005893 : Stockport 002C,1.6162,1.5313,1.5409,0.973
E01005896,E01005896 : Stockport 002D,1.4947,1.5051,2.5348,0.6973
E01005919,E01005919 : Stockport 002E,2.0967,2.4569,0.8548,2.4206
E01005862,E01005862 : Stockport 003A,1.6094,1.9697,1.7239,1.9626
E01005892,E01005892 : Stockport 003B,1.2632,2.746,1.3036,1.3461
E01005895,E01005895 : Stockport 003C,1.0824,3.2185,1.5898,1.8143
E01005920,E01005920 : Stockport 003D,2.1447,2.5853,1.5856,2.2006
E01005921,E01005921 : Stockport 003E,1.4343,2.3439,1.3927,1
E01005922,E01005922 : Stockport 003F,1.5103,3.2331,1.6686,1.9092
E01005753,E01005753 : Stockport 004A,1.0605,1.0605,0.8942,1.0686
E01005754,E01005754 : Stockport 004B,2.2203,2.2203,1.112,1.9938
E01005755,E01005755 : Stockport 004C,1.1555,1.1555,1.1555,1.2079
E01005756,E01005756 : Stockport 004D,2.0946,2.0946,1.361,2.2135
E01005745,E01005745 : Stockport 005A,1.3551,1.4132,1.4132,2.0975
E01005746,E01005746 : Stockport 005B,1.0968,1.1626,1.1626,1.5086
E01005747,E01005747 : Stockport 005C,1.5047,1.6544,1.6544,2.5005
E01005748,E01005748 : Stockport 005D,1.0432,1.193,1.193,2.298
E01005863,E01005863 : Stockport 006A,1.5009,1.241,1.2332,1.3205
E01005864,E01005864 : Stockport 006B,1.6175,1.0155,0.9661,0.7899
E01005866,E01005866 : Stockport 006C,0.839,1.1747,1.1253,1.1747
E01005869,E01005869 : Stockport 006D,1.3728,1.8641,1.6978,1.8641
E01005914,E01005914 : Stockport 007A,2.0778,2.8409,1.0766,1.3614
E01005915,E01005915 : Stockport 007B,2.3052,2.354,0.9263,1.2437
E01005916,E01005916 : Stockport 007C,1.6131,1.4904,1.2157,1.3284
E01005917,E01005917 : Stockport 007D,0.8512,0.7773,0.7651,0.9892
E01005859,E01005859 : Stockport 008A,0.9937,1.0298,0.7322,0.532
E01005865,E01005865 : Stockport 008B,1.9873,1.8852,1.8358,1.5113
E01005867,E01005867 : Stockport 008C,1.1018,2.0802,2.1929,0.9527
E01005868,E01005868 : Stockport 008D,1.4414,1.5232,2.457,1.4643
E01005743,E01005743 : Stockport 009A,3.0719,1.8844,2.7744,1.7296
E01005744,E01005744 : Stockport 009B,2.3318,1.7345,2.3135,1.7189
E01005749,E01005749 : Stockport 009C,0.5739,1.7877,1.065,1.1585
E01005750,E01005750 : Stockport 009D,3.4279,2.5575,3.6892,2.2876
E01005751,E01005751 : Stockport 009E,2.5527,1.0748,2.2183,0.8049
E01005897,E01005897 : Stockport 010A,1.8117,2.6386,2.6386,2.4711
E01005898,E01005898 : Stockport 010B,3.5411,3.7238,3.7238,3.5706
E01005900,E01005900 : Stockport 010C,2.0493,1.1463,1.1463,0.8277
E01005903,E01005903 : Stockport 010D,2.1164,2.2967,2.2967,2.2297
E01005904,E01005904 : Stockport 010E,1.3256,1.3028,1.3028,1.2354
E01005853,E01005853 : Stockport 011A,2.0482,2.3555,2.0474,1.8436
E01005856,E01005856 : Stockport 011B,2.0516,2.0516,0.7894,2.4798
E01005860,E01005860 : Stockport 011C,1.5002,1.4917,1.1597,1.5121
E01005861,E01005861 : Stockport 011D,1.7046,1.6995,1.3915,1.9154
E01005752,E01005752 : Stockport 012A,0.8463,1.8559,0.8452,0.9388
E01005899,E01005899 : Stockport 012B,1.6197,2.1168,1.5429,1.1936
E01005901,E01005901 : Stockport 012C,2.2896,3.3732,2.0965,2.0379
E01005902,E01005902 : Stockport 012D,1.6789,2.6354,1.481,1.4453
E01005905,E01005905 : Stockport 012E,1.3987,1.7378,1.0452,0.9389
E01005852,E01005852 : Stockport 013A,1.3595,1.4538,3.9509,1.375
E01005854,E01005854 : Stockport 013B,1.1567,2.2518,2.3875,1.0878
E01005855,E01005855 : Stockport 013C,1.1059,1.4872,3.4807,1.4295
E01005857,E01005857 : Stockport 013D,2.13,2.1876,2.9184,2.13
E01005858,E01005858 : Stockport 013E,1.2167,1.3446,3.707,1.1973
E01005757,E01005757 : Stockport 014A,1.8668,1.1684,2.2666,1.193
E01005766,E01005766 : Stockport 014C,0.8172,1.0115,0.6385,0.6332
E01005918,E01005918 : Stockport 014D,1.597,1.5421,1.5388,1.3714
E01033947,E01033947 : Stockport 014E,1.0244,0.9353,0.6922,0.7878
E01033948,E01033948 : Stockport 014F,0.898,0.6892,0.4943,1.0257
E01005870,E01005870 : Stockport 015A,1.2684,1.6052,1.6052,1.2307
E01005871,E01005871 : Stockport 015B,1.0967,1.0967,1.0967,0.7222
E01005873,E01005873 : Stockport 015C,0.9862,1.4434,1.4194,1.128
E01005875,E01005875 : Stockport 015D,0.9506,1.0784,1.0784,0.8398
E01005764,E01005764 : Stockport 016A,0.8676,1.8686,1.5529,0.966
E01005816,E01005816 : Stockport 016B,0.5159,1.0197,1.8992,0.6831
E01005817,E01005817 : Stockport 016C,1.0393,1.2507,1.8045,0.7904
E01005822,E01005822 : Stockport 016D,1.1335,0.5662,0.6968,1.1795
E01005880,E01005880 : Stockport 017A,2.8336,2.8336,2.8336,2.8336
E01005881,E01005881 : Stockport 017B,1.7465,1.7465,1.7465,1.7465
E01005883,E01005883 : Stockport 017C,1.87,1.87,1.6805,1.8425
E01005908,E01005908 : Stockport 017D,6.6779,6.765,6.765,6.6779
E01005765,E01005765 : Stockport 018A,0.9253,1.7535,2.9043,1.6813
E01005818,E01005818 : Stockport 018B,0.8857,2.463,3.4059,0.8285
E01005819,E01005819 : Stockport 018C,1.0055,2.6093,3.0933,0.8187
E01005820,E01005820 : Stockport 018D,0.8706,0.7275,2.5202,0.7291
E01005821,E01005821 : Stockport 018E,1.2454,1.5572,2.9741,1.3495
E01005823,E01005823 : Stockport 018F,1.5017,0.9892,2.3059,1.2036
E01005825,E01005825 : Stockport 019A,1.7656,0.8128,0.8128,1.6889
E01005872,E01005872 : Stockport 019B,0.9093,1.4537,1.3988,1.1403
E01005874,E01005874 : Stockport 019C,0.9778,0.9815,0.8711,0.6857
E01005876,E01005876 : Stockport 019D,1.5358,1.8483,1.9582,1.092
E01005877,E01005877 : Stockport 019E,1.0241,1.0437,0.7337,1.1121
E01005878,E01005878 : Stockport 020A,1.6636,1.768,1.6939,1.6724
E01005879,E01005879 : Stockport 020B,0.9528,0.9528,0.9528,0.836
E01005882,E01005882 : Stockport 020C,1.4012,1.6974,1.3751,1.6331
E01005884,E01005884 : Stockport 020D,1.0093,2.4753,1.1496,2.411
E01005885,E01005885 : Stockport 020E,0.726,0.7713,0.7453,0.6711
E01005832,E01005832 : Stockport 021A,1.0863,1.8604,1.2007,0.9702
E01005833,E01005833 : Stockport 021B,1.9053,2.8875,1.0708,1.2606
E01005835,E01005835 : Stockport 021C,1.4938,4.309,1.4938,1.2529
E01005837,E01005837 : Stockport 021D,1.297,4.0496,1.297,1.439
E01005843,E01005843 : Stockport 021E,0.9748,4.4734,0.9748,0.9031
E01005769,E01005769 : Stockport 022A,0.8427,1.2434,1.2222,0.8492
E01005778,E01005778 : Stockport 022B,1.5305,1.9861,2.126,1.445
E01005779,E01005779 : Stockport 022C,1.5234,1.7691,2.0107,1.5234
E01005780,E01005780 : Stockport 022D,1.5143,1.8445,2.086,1.5143
E01005781,E01005781 : Stockport 022E,1.0772,0.9967,1.2382,1.0772
E01005759,E01005759 : Stockport 023A,2.5409,2.3074,2.4696,2.0267
E01005760,E01005760 : Stockport 023B,0.6448,1.1153,0.632,0.6821
E01005797,E01005797 : Stockport 023C,1.2879,0.7404,0.8712,0.6548
E01005800,E01005800 : Stockport 023D,2.6303,1.8534,2.4525,1.895
E01005804,E01005804 : Stockport 023E,1.0713,1.2638,1.0398,0.8772
E01005824,E01005824 : Stockport 024A,1.0054,1.3431,1.7924,0.8606
E01005826,E01005826 : Stockport 024B,1.9071,2.413,1.4113,0.9685
E01005827,E01005827 : Stockport 024C,1.4632,1.8069,1.2516,1.3921
E01005828,E01005828 : Stockport 024D,2.5174,2.7687,2.0678,1.7974
E01005829,E01005829 : Stockport 024E,1.9263,2.5893,1.731,1.9564
E01005768,E01005768 : Stockport 025A,1.3541,1.816,1.816,1.6998
E01005770,E01005770 : Stockport 025B,0.9005,1.3176,1.3176,0.9246
E01005771,E01005771 : Stockport 025C,0.7943,0.7866,0.7866,0.746
E01005775,E01005775 : Stockport 025D,1.1755,1.5797,1.5797,0.9508
E01005761,E01005761 : Stockport 026A,3.321,2.9641,3.2056,3.321
E01005762,E01005762 : Stockport 026B,2.9978,4.0737,3.2462,2.9017
E01005763,E01005763 : Stockport 026C,1.3495,3.8076,1.3495,1.04
E01005799,E01005799 : Stockport 026D,1.6491,3.7224,1.6491,1.1562
E01005798,E01005798 : Stockport 027A,2.1222,1.3166,1.8513,1.6217
E01005801,E01005801 : Stockport 027B,0.6178,1.8358,1.254,0.8548
E01005802,E01005802 : Stockport 027C,1.4541,1.9811,2.1003,1.6832
E01005803,E01005803 : Stockport 027D,1.917,2.3607,2.608,2.13
E01005830,E01005830 : Stockport 027E,0.6935,1.5737,1.1761,1.1389
E01005831,E01005831 : Stockport 027F,0.6934,1.864,1.0382,0.7436
E01005767,E01005767 : Stockport 028A,1.891,2.33,2.8897,2.7167
E01005772,E01005772 : Stockport 028B,0.937,1.6865,1.6865,1.7233
E01005773,E01005773 : Stockport 028C,0.6522,1.4429,1.4429,0.878
E01005774,E01005774 : Stockport 028D,1.7032,2.2534,2.4245,1.9985
E01005776,E01005776 : Stockport 028E,2.1168,2.9052,2.9207,2.8255
E01005909,E01005909 : Stockport 029A,1.6692,1.5515,1.8597,1.6359
E01005910,E01005910 : Stockport 029B,0.6525,0.6041,0.853,0.1745
E01005911,E01005911 : Stockport 029C,2.2564,2.1975,2.2716,2.1696
E01005912,E01005912 : Stockport 029D,4.2408,4.1627,4.4402,4.1742
E01005782,E01005782 : Stockport 030A,3.4596,3.4602,3.5523,2.9393
E01005783,E01005783 : Stockport 030B,2.0634,2.8824,2.5933,1.7835
E01005784,E01005784 : Stockport 030C,1.6695,3.2786,2.4663,1.9199
E01005785,E01005785 : Stockport 030D,1.6405,3.0888,1.3966,0.9882
E01005786,E01005786 : Stockport 030E,0.7076,3.0601,1.5001,0.5045
E01005834,E01005834 : Stockport 031A,1.7848,2.0348,1.965,1.7704
E01005836,E01005836 : Stockport 031B,1.4342,1.6144,1.5087,1.4198
E01005838,E01005838 : Stockport 031C,1.1016,0.2293,1.2817,0.8884
E01005840,E01005840 : Stockport 031D,1.0118,1.3663,1.2678,1.3294
E01005927,E01005927 : Stockport 032A,0.6909,0.6909,3.6072,1.1057
E01005928,E01005928 : Stockport 032B,1.7855,1.7855,4.1472,0.7468
E01005929,E01005929 : Stockport 032C,1.7968,2.2506,3.2652,1.9976
E01005930,E01005930 : Stockport 032D,1.6398,1.6624,2.0416,1.6808
E01005806,E01005806 : Stockport 033A,2.0812,3.0469,3.0469,0.9065
E01005813,E01005813 : Stockport 033B,2.9873,2.6344,2.762,2.6846
E01005814,E01005814 : Stockport 033C,2.443,2.0713,2.0713,1.4274
E01005815,E01005815 : Stockport 033D,1.3287,2.9937,2.9937,1.1212
E01005777,E01005777 : Stockport 034A,3.0253,3.4447,2.1086,1.5949
E01005787,E01005787 : Stockport 034B,2.6164,2.0737,1.9839,1.7614
E01005788,E01005788 : Stockport 034C,1.8179,2.1512,1.2674,1.6851
E01005790,E01005790 : Stockport 034D,3.8986,3.8808,3.7389,1.3284
E01005805,E01005805 : Stockport 035A,1.3564,2.3518,2.3518,0.9529
E01005807,E01005807 : Stockport 035B,1.3595,3.3916,3.3916,1.225
E01005839,E01005839 : Stockport 035C,0.9189,2.5786,1.9027,2.6107
E01005841,E01005841 : Stockport 035D,1.4821,2.1666,1.8617,2.0194
E01005844,E01005844 : Stockport 036A,2.5586,2.0803,2.4151,2.3676
E01005845,E01005845 : Stockport 036B,1.1322,1.2335,1.399,0.8254
E01005849,E01005849 : Stockport 036C,1.4449,1.2856,1.2856,1.2361
E01005851,E01005851 : Stockport 036D,2.5807,2.5793,2.6373,2.3275
E01005808,E01005808 : Stockport 037A,2.0515,1.2737,2.4916,1.2737
E01005809,E01005809 : Stockport 037B,3.0592,2.2387,2.5359,2.2692
E01005810,E01005810 : Stockport 037C,3.011,2.1761,2.3106,2.1886
E01005811,E01005811 : Stockport 037D,2.4069,2.4069,3.8188,2.3127
E01005812,E01005812 : Stockport 037E,1.5534,1.5245,3.6417,1.5842
E01005842,E01005842 : Stockport 038A,2.0545,2.9324,2.9265,2.1837
E01005906,E01005906 : Stockport 038B,1.954,1.954,1.954,1.954
E01005907,E01005907 : Stockport 038C,1.3082,1.3082,1.3082,1.3082
E01005913,E01005913 : Stockport 038D,2.52,2.52,2.52,2.52
E01005789,E01005789 : Stockport 039A,0.6711,2.6738,1.9118,1.2316
E01005791,E01005791 : Stockport 039B,1.7585,1.0394,1.0394,0.9886
E01005793,E01005793 : Stockport 039C,3.5409,3.2237,3.2237,2.4839
E01005795,E01005795 : Stockport 039D,2.6932,2.5986,2.8943,2.5805
E01005796,E01005796 : Stockport 039E,1.1685,2.9859,2.7055,1.8841
E01005846,E01005846 : Stockport 040A,1.7219,2.6051,2.5585,2.8857
E01005847,E01005847 : Stockport 040B,1.7755,1.2861,1.2861,1.5667
E01005848,E01005848 : Stockport 040C,2.727,2.8532,2.8532,2.944
E01005850,E01005850 : Stockport 040D,2.3782,2.7453,2.7453,2.3719
E01005792,E01005792 : Stockport 041A,0.7458,1.71,1.71,1.5427
E01005794,E01005794 : Stockport 041B,1.6912,2.215,2.4123,2.1697
E01005923,E01005923 : Stockport 041C,1.9772,1.9383,2.3734,1.9489
E01005931,E01005931 : Stockport 041D,1.2286,1.4689,1.8753,1.4508
E01005924,E01005924 : Stockport 042A,0.5166,0.2803,0.8433,0.5262
E01005925,E01005925 : Stockport 042B,1.0702,1.1614,1.7244,1.4073
E01005926,E01005926 : Stockport 042C,4.3769,4.57,5.1331,4.8159
E01005932,E01005932 : Stockport 042D,2.0688,1.9367,2.1035,1.9007
E01006053,E01006053 : Tameside 001A,2.9588,2.7544,2.7445,2.7445
E01006054,E01006054 : Tameside 001B,0.7958,0.9126,0.8804,0.9273
E01006055,E01006055 : Tameside 001C,1.3615,1.2718,1.1513,1.1513
E01006057,E01006057 : Tameside 001D,2.2364,1.9504,3.2396,1.9504
E01006058,E01006058 : Tameside 001E,0.6686,0.6335,1.2886,0.6634
E01006059,E01006059 : Tameside 001F,1.6932,1.4071,2.6874,1.4071
E01005938,E01005938 : Tameside 002A,4.2625,3.2269,3.6369,3.278
E01005939,E01005939 : Tameside 002B,4.4139,4.0202,3.8865,4.0202
E01005940,E01005940 : Tameside 002C,3.8031,4.1532,3.3538,4.3833
E01005955,E01005955 : Tameside 002D,2.5553,1.8979,2.6521,1.8837
E01006056,E01006056 : Tameside 003A,2.3522,2.0662,3.3554,2.0662
E01006061,E01006061 : Tameside 003B,5.1239,2.8542,5.173,2.0439
E01006062,E01006062 : Tameside 003C,4.9687,3.9078,5.8543,3.0231
E01006063,E01006063 : Tameside 003D,4.3459,3.0341,2.4417,3.1398
E01005936,E01005936 : Tameside 004A,3.5747,2.5113,1.5377,2.5113
E01005937,E01005937 : Tameside 004B,3.7597,2.7575,1.7545,2.7575
E01005945,E01005945 : Tameside 004C,2.4215,1.386,1.7443,1.386
E01005946,E01005946 : Tameside 004D,1.5815,1.2462,1.7467,1.2292
E01005947,E01005947 : Tameside 004E,1.4498,0.624,1.6365,0.6427
E01005954,E01005954 : Tameside 005A,2.0285,1.2213,2.0131,1.2265
E01005956,E01005956 : Tameside 005B,3.1247,2.4241,3.131,2.5497
E01005957,E01005957 : Tameside 005C,1.3336,0.7472,1.5857,0.9433
E01005958,E01005958 : Tameside 005D,2.5282,1.6659,2.6651,1.8184
E01005959,E01005959 : Tameside 005E,2.2586,1.7053,2.2466,1.8579
E01005933,E01005933 : Tameside 006A,2.6013,2.7566,2.5177,2.7566
E01005934,E01005934 : Tameside 006B,2.3986,2.7546,2.0326,2.956
E01005935,E01005935 : Tameside 006C,2.4362,1.6921,1.9108,1.6921
E01005949,E01005949 : Tameside 006D,0.6348,1.3864,0.6065,1.3864
E01005960,E01005960 : Tameside 006E,1.0622,1.32,1.2867,1.4648
E01005941,E01005941 : Tameside 007A,0.8781,0.8776,1.0704,0.7059
E01005942,E01005942 : Tameside 007B,1.5081,1.1453,1.5588,1.0722
E01005943,E01005943 : Tameside 007C,1.2292,1.6019,1.0822,1.6019
E01005944,E01005944 : Tameside 007D,2.2526,1.0023,1.7217,1.039
E01006060,E01006060 : Tameside 008A,2.5137,1.2743,1.2188,1.288
E01006064,E01006064 : Tameside 008B,3.858,2.6605,0.8956,2.5595
E01006065,E01006065 : Tameside 008C,3.621,2.3153,0.9485,2.4149
E01006066,E01006066 : Tameside 008D,2.7098,1.5932,1.051,1.4552
E01006067,E01006067 : Tameside 009A,3.4694,1.4661,2.9585,1.4661
E01006068,E01006068 : Tameside 009B,1.8017,1.0642,1.2362,1.018
E01006069,E01006069 : Tameside 009C,2.8191,1.2713,2.3357,1.2713
E01006073,E01006073 : Tameside 009D,4.2438,1.4664,3.7329,0.8191
E01005993,E01005993 : Tameside 010A,5.9546,5.6892,6.7524,5.9546
E01005995,E01005995 : Tameside 010B,5.8429,5.3991,6.3723,5.5745
E01005996,E01005996 : Tameside 010C,3.5272,3.2619,4.3251,3.5272
E01005997,E01005997 : Tameside 010D,1.5048,1.6213,2.4006,1.5048
E01006000,E01006000 : Tameside 010E,1.344,0.6283,0.6325,0.5582
E01005994,E01005994 : Tameside 011A,2.4407,0.9364,1.8903,2.4407
E01005999,E01005999 : Tameside 011B,1.5015,1.6391,1.5007,1.5125
E01006002,E01006002 : Tameside 011C,0.9467,1.6209,1.5697,1.3904
E01006004,E01006004 : Tameside 011D,1.7919,1.1745,1.4378,1.8836
E01006005,E01006005 : Tameside 011E,3.0249,1.5049,1.4981,3.0448
E01006007,E01006007 : Tameside 011F,2.4641,1.4642,0.9054,2.4841
E01005998,E01005998 : Tameside 012A,1.0852,2.3887,2.2799,1.338
E01006001,E01006001 : Tameside 012B,1.7367,2.5184,2.5184,1.52
E01006003,E01006003 : Tameside 012C,1.2524,2.583,2.4742,0.9305
E01006006,E01006006 : Tameside 012D,2.728,2.4386,1.9885,2.748
E01005948,E01005948 : Tameside 013A,0.9824,0.5527,0.262,0.7053
E01005950,E01005950 : Tameside 013B,1.3629,1.2684,1.1903,1.2684
E01005951,E01005951 : Tameside 013C,2.3695,0.7985,1.0381,0.7985
E01005953,E01005953 : Tameside 013E,1.7769,0.6677,0.6227,0.6677
E01033949,E01033949 : Tameside 013F,0.8136,0.8136,0.7183,0.8136
E01033950,E01033950 : Tameside 013G,1.3915,1.1677,0.8726,1.1641
E01005961,E01005961 : Tameside 014A,3.0991,2.5044,2.0075,2.5132
E01005962,E01005962 : Tameside 014B,2.6941,1.7434,1.8876,1.7434
E01005968,E01005968 : Tameside 014C,2.7221,1.9512,2.0402,1.9512
E01005969,E01005969 : Tameside 014D,2.1697,1.0846,1.3093,1.0846
E01006022,E01006022 : Tameside 015A,1.5865,0.7952,0.7046,0.8947
E01006023,E01006023 : Tameside 015B,1.7373,1.3766,1.5729,1.3059
E01006070,E01006070 : Tameside 015C,2.3665,1.6664,2.1747,1.6099
E01006071,E01006071 : Tameside 015D,3.7695,3.3187,3.5777,3.0417
E01006072,E01006072 : Tameside 015E,4.8301,4.0597,4.624,4.0542
E01006009,E01006009 : Tameside 016A,1.8613,1.8613,2.2762,2.163
E01006017,E01006017 : Tameside 016B,3.7887,3.515,2.8182,2.8464
E01006018,E01006018 : Tameside 016C,2.3929,2.1192,2.1828,2.1192
E01006021,E01006021 : Tameside 016D,2.089,1.9334,2.0586,1.9835
E01006008,E01006008 : Tameside 017A,2.0571,1.7199,1.488,2.0396
E01006010,E01006010 : Tameside 017B,0.4541,0.506,0.6261,0.5418
E01006012,E01006012 : Tameside 017C,0.9081,0.9361,1.2493,1.1626
E01006015,E01006015 : Tameside 017D,2.7109,2.7322,1.0501,1.4974
E01006016,E01006016 : Tameside 017E,0.779,0.779,0.7088,0.7758
E01006011,E01006011 : Tameside 018A,1.2539,1.2539,1.8688,1.8386
E01006013,E01006013 : Tameside 018B,2.7167,2.6643,1.381,1.4091
E01006014,E01006014 : Tameside 018C,1.275,1.5078,1.5505,1.5135
E01006019,E01006019 : Tameside 018D,3.74,3.663,2.062,2.0902
E01006020,E01006020 : Tameside 018E,3.4368,3.3232,1.9586,2.0315
E01005963,E01005963 : Tameside 019A,2.9019,1.7044,1.7891,1.7362
E01005964,E01005964 : Tameside 019B,3.1751,2.6676,2.5753,2.4932
E01005965,E01005965 : Tameside 019C,1.7262,1.0271,0.9702,1.3886
E01005966,E01005966 : Tameside 019D,1.7894,1.4942,2.1858,1.4942
E01005967,E01005967 : Tameside 019E,1.2734,1.2924,1.3156,0.9723
E01006031,E01006031 : Tameside 020A,2.7237,1.9803,1.112,2.5863
E01006032,E01006032 : Tameside 020B,3.3977,3.2004,2.0221,1.3538
E01006033,E01006033 : Tameside 020C,3.128,2.5336,1.2626,1.6885
E01006034,E01006034 : Tameside 020D,4.1174,3.9773,2.732,0.7512
E01006035,E01006035 : Tameside 020E,2.2223,2.0462,1.968,1.9229
E01006036,E01006036 : Tameside 020F,1.9805,1.7505,1.1166,1.7442
E01005970,E01005970 : Tameside 021A,1.9965,1.757,2.2526,1.5978
E01005972,E01005972 : Tameside 021B,0.9344,0.6463,1.3159,0.6106
E01005974,E01005974 : Tameside 021C,0.5186,0.6999,0.7618,0.401
E01005975,E01005975 : Tameside 021D,1.0347,1.527,1.0744,1.4929
E01006024,E01006024 : Tameside 022A,3.1588,3.5926,3.1588,3.4049
E01006026,E01006026 : Tameside 022B,1.8519,2.4061,1.8519,2.1893
E01006037,E01006037 : Tameside 022C,5.6974,5.5573,4.426,2.1431
E01006038,E01006038 : Tameside 022D,3.8281,3.688,3.4587,2.1415
E01006047,E01006047 : Tameside 023A,5.2644,1.1938,1.0246,1.1938
E01006048,E01006048 : Tameside 023B,2.8991,1.0597,2.7208,1.0109
E01006049,E01006049 : Tameside 023C,4.5894,0.836,1.0798,0.8256
E01006051,E01006051 : Tameside 023D,5.7342,4.0332,5.5411,4.0332
E01005985,E01005985 : Tameside 024A,1.8363,2.7115,2.8092,1.6516
E01005987,E01005987 : Tameside 024B,2.0594,2.1575,2.7321,1.0469
E01005988,E01005988 : Tameside 024C,1.1429,2.1432,3.1345,1.3338
E01005990,E01005990 : Tameside 024D,0.9798,2.3818,2.8733,1.9676
E01005991,E01005991 : Tameside 024E,0.9056,2.1861,2.903,1.24
E01005971,E01005971 : Tameside 025A,1.498,1.4044,1.3258,1.2162
E01005986,E01005986 : Tameside 025B,1.1462,1.3822,0.9877,1.4062
E01005989,E01005989 : Tameside 025C,2.0622,2.0967,1.9578,2.175
E01005992,E01005992 : Tameside 025D,1.1861,1.0551,0.8173,0.9044
E01005973,E01005973 : Tameside 026A,1.8682,1.7756,1.4935,1.7026
E01005976,E01005976 : Tameside 026B,1.2558,1.8155,1.2292,1.2953
E01005977,E01005977 : Tameside 026C,1.2503,2.2081,1.6275,1.8021
E01005978,E01005978 : Tameside 026D,2.2335,2.5817,2.0008,2.0439
E01006025,E01006025 : Tameside 027A,1.2492,1.3452,1.3189,1.3452
E01006027,E01006027 : Tameside 027B,1.8918,2.1812,2.1727,2.1812
E01006050,E01006050 : Tameside 027C,0.9862,1.3927,1.3671,1.3927
E01006052,E01006052 : Tameside 027D,1.9717,1.5413,1.7934,1.3903
E01006028,E01006028 : Tameside 028A,0.6007,0.757,0.738,0.3611
E01006029,E01006029 : Tameside 028B,0.5876,0.9494,0.5913,0.9586
E01006030,E01006030 : Tameside 028C,1.8012,1.1604,1.1604,1.9453
E01006039,E01006039 : Tameside 028D,1.3709,1.3858,0.7388,1.3529
E01006040,E01006040 : Tameside 028E,0.983,0.8041,0.4683,0.7693
E01006041,E01006041 : Tameside 028F,0.6565,0.7672,0.7633,0.7672
E01005979,E01005979 : Tameside 029A,1.4667,3.7226,1.2473,1.2473
E01005980,E01005980 : Tameside 029B,2.363,3.3558,2.4307,2.4726
E01005981,E01005981 : Tameside 029C,2.2958,3.2549,2.455,2.5187
E01005982,E01005982 : Tameside 029D,2.2798,3.239,2.657,2.94
E01005983,E01005983 : Tameside 029E,1.3202,4.9963,2.1474,2.1474
E01005984,E01005984 : Tameside 029F,2.3355,4.6112,3.1273,3.1273
E01006042,E01006042 : Tameside 030A,2.1321,1.8271,1.8271,1.0525
E01006043,E01006043 : Tameside 030B,1.2774,1.2664,1.2604,1.2604
E01006044,E01006044 : Tameside 030C,2.547,2.536,2.536,1.4991
E01006045,E01006045 : Tameside 030D,3.1965,2.954,2.954,1.6239
E01006046,E01006046 : Tameside 030E,1.7254,1.7144,1.7144,1.0796
E01006109,E01006109 : Trafford 001A,0.8764,1.1734,1.393,1.0241
E01006110,E01006110 : Trafford 001B,1.1426,1.3036,1.3743,0.5249
E01006111,E01006111 : Trafford 001C,1.2482,1.1981,1.5515,0.9636
E01006112,E01006112 : Trafford 001D,1.0864,0.9448,1.5611,0.5998
E01006188,E01006188 : Trafford 001F,1.2834,1.5444,1.0413,1.0254
E01034000,E01034000 : Trafford 001G,2.0911,1.0967,0.9503,1.6364
E01034001,E01034001 : Trafford 001H,1.5878,1.0936,1.0406,1.3319
E01006116,E01006116 : Trafford 002A,1.3774,1.0857,1.284,1.4305
E01006117,E01006117 : Trafford 002B,1.5589,1.5503,1.3286,0.8218
E01006118,E01006118 : Trafford 002C,0.9206,0.8649,1.6981,1.581
E01006119,E01006119 : Trafford 002D,2.1424,2.1561,1.1683,0.8303
E01006121,E01006121 : Trafford 002E,2.985,3.5293,2.7564,2.0803
E01006141,E01006141 : Trafford 003A,1.1494,1.0395,1.1193,1.0068
E01006186,E01006186 : Trafford 003B,1.9027,2.0267,0.5531,1.2452
E01006187,E01006187 : Trafford 003C,0.827,0.8556,1.0431,0.8556
E01006189,E01006189 : Trafford 003D,0.8896,1.0601,1.0601,1.0601
E01006113,E01006113 : Trafford 004A,0.6833,1.2984,1.059,0.6833
E01006114,E01006114 : Trafford 004B,1.4688,1.5329,1.0888,1.091
E01006115,E01006115 : Trafford 004C,1.4777,0.8771,0.9709,0.9372
E01006145,E01006145 : Trafford 004D,1.445,2.4294,1.3845,1.3845
E01006146,E01006146 : Trafford 004E,0.8735,2.1422,1.8842,1.0944
E01006122,E01006122 : Trafford 005A,3.6612,2.2867,2.2425,2.2867
E01006123,E01006123 : Trafford 005B,2.2002,1.4771,0.8161,1.2003
E01006124,E01006124 : Trafford 005C,1.7196,2.0661,2.1166,1.3636
E01006128,E01006128 : Trafford 005D,2.5876,1.8845,1.2389,1.2122
E01006131,E01006131 : Trafford 005E,3.0551,2.8941,2.4305,2.0722
E01006155,E01006155 : Trafford 006A,2.4832,3.0469,2.8697,1.3371
E01006157,E01006157 : Trafford 006B,2.9257,3.1592,2.7508,1.4275
E01006159,E01006159 : Trafford 006C,1.8393,0.7456,0.7456,0.6462
E01006182,E01006182 : Trafford 006D,2.1683,3.0182,2.4075,1.2433
E01006183,E01006183 : Trafford 006E,1.0655,2.1359,1.3519,1.1719
E01006125,E01006125 : Trafford 007A,1.3313,1.8899,1.8945,1.5492
E01006126,E01006126 : Trafford 007B,1.1833,1.5069,1.1068,1.1662
E01006127,E01006127 : Trafford 007C,2.9679,3.1172,2.3615,2.7765
E01006130,E01006130 : Trafford 007D,2.0073,1.8592,2.1188,1.0373
E01006132,E01006132 : Trafford 007E,3.7432,3.5952,2.812,2.6639
E01006156,E01006156 : Trafford 008A,2.1963,2.0539,2.0603,1.4617
E01006158,E01006158 : Trafford 008B,2.2375,2.0373,2.0373,1.8359
E01006179,E01006179 : Trafford 008C,1.1226,1.9175,1.1241,1.3686
E01006184,E01006184 : Trafford 008D,1.7205,2.5942,2.0972,1.2016
E01006198,E01006198 : Trafford 009A,1.1866,0.6611,1.404,0.8149
E01006199,E01006199 : Trafford 009B,1.8685,1.5007,1.9441,1.7023
E01006200,E01006200 : Trafford 009C,1.1368,1.0909,1.0512,1.6078
E01006201,E01006201 : Trafford 009D,0.7421,1.1385,1.5913,0.9985
E01006202,E01006202 : Trafford 009E,0.6311,0.4479,0.9794,0.7895
E01006120,E01006120 : Trafford 010A,1.0997,0.8354,1.2085,1.4557
E01006129,E01006129 : Trafford 010B,2.6458,2.3208,2.1924,1.2216
E01006133,E01006133 : Trafford 010C,3.1437,2.7474,2.9656,1.4813
E01006197,E01006197 : Trafford 010D,1.436,1.3461,1.293,1.4801
E01006203,E01006203 : Trafford 010E,2.1917,1.7953,2.0136,0.7022
E01006142,E01006142 : Trafford 011A,1.8014,1.9153,1.1961,1.7618
E01006143,E01006143 : Trafford 011B,1.4307,1.8786,1.0852,1.6767
E01006144,E01006144 : Trafford 011C,0.8983,1.3462,0.5528,1.1443
E01006180,E01006180 : Trafford 011D,0.9231,1.3006,0.553,0.9261
E01006181,E01006181 : Trafford 011E,0.9528,1.3026,1.1671,1.106
E01006147,E01006147 : Trafford 012A,1.7279,1.66,1.345,1.665
E01006149,E01006149 : Trafford 012B,1.0866,1.2755,0.8701,1.2835
E01006150,E01006150 : Trafford 012C,0.9305,0.8058,1.2644,0.8058
E01006154,E01006154 : Trafford 012D,1.2348,1.7877,1.4534,1.916
E01006165,E01006165 : Trafford 012E,1.1977,1.4863,0.9376,1.8811
E01006166,E01006166 : Trafford 013A,3.7122,0.9028,0.9028,0.8205
E01006169,E01006169 : Trafford 013B,3.1636,0.993,2.3288,0.9986
E01006170,E01006170 : Trafford 013C,2.6906,0.7692,2.2301,0.7692
E01006171,E01006171 : Trafford 013D,3.832,1.3873,1.7371,1.0181
E01006098,E01006098 : Trafford 014A,1.7227,2.2959,2.8798,1.2473
E01006099,E01006099 : Trafford 014B,1.0664,1.6999,2.4813,0.9422
E01006164,E01006164 : Trafford 014C,1.9382,2.596,1.9349,2.0039
E01006174,E01006174 : Trafford 014D,0.6376,1.498,1.9885,0.7387
E01006178,E01006178 : Trafford 014E,1.1858,1.9792,2.6345,1.05
E01006097,E01006097 : Trafford 015A,1.4389,2.4569,3.0346,2.0778
E01006160,E01006160 : Trafford 015B,0.6296,0.6598,0.6598,0.8281
E01006161,E01006161 : Trafford 015C,1.4161,1.2451,1.2451,1.9506
E01006162,E01006162 : Trafford 015D,0.9657,1.7447,1.8583,2.017
E01006163,E01006163 : Trafford 015E,0.9521,1.0146,1.7516,1.0146
E01006148,E01006148 : Trafford 016A,1.6741,1.5461,1.899,1.5461
E01006151,E01006151 : Trafford 016B,1.0402,1.5712,1.7049,1.5021
E01006152,E01006152 : Trafford 016C,2.8695,1.2348,1.2348,1.3396
E01006153,E01006153 : Trafford 016D,2.9527,1.7177,1.6807,1.8093
E01006172,E01006172 : Trafford 016E,2.7729,1.3191,1.5386,1.0611
E01006104,E01006104 : Trafford 017A,1.1786,1.1554,1.1786,1.011
E01006105,E01006105 : Trafford 017B,1.6501,1.4795,1.6501,1.3214
E01006106,E01006106 : Trafford 017C,1.9742,1.9742,1.9742,1.3155
E01006107,E01006107 : Trafford 017D,4.961,4.5324,4.913,4.4789
E01006108,E01006108 : Trafford 017E,1.924,1.8261,1.924,1.37
E01006102,E01006102 : Trafford 018A,1.9809,2.4548,3.2881,0.8918
E01006173,E01006173 : Trafford 018B,1.0618,1.871,2.9672,1.1815
E01006175,E01006175 : Trafford 018C,0.932,1.9056,3.7755,1.9079
E01006176,E01006176 : Trafford 018D,1.609,1.6259,3.384,1.8757
E01006177,E01006177 : Trafford 018E,1.2168,2.5844,3.894,1.6967
E01006091,E01006091 : Trafford 019A,3.6698,2.9222,2.9222,2.9625
E01006092,E01006092 : Trafford 019B,1.9611,1.9378,1.7672,1.7655
E01006095,E01006095 : Trafford 019C,4.147,2.4916,2.1845,2.2071
E01006167,E01006167 : Trafford 019D,3.7562,0.9559,0.89,1.236
E01006168,E01006168 : Trafford 019E,4.7096,2.1881,2.1689,2.1689
E01006090,E01006090 : Trafford 020A,2.946,2.065,2.5721,1.4152
E01006094,E01006094 : Trafford 020B,1.9358,1.8158,1.7056,1.2905
E01006096,E01006096 : Trafford 020C,2.3332,1.5797,1.5997,1.3702
E01006100,E01006100 : Trafford 020D,0.8083,1.707,1.9462,1.1463
E01006103,E01006103 : Trafford 020E,1.6174,1.8847,1.8847,0.7828
E01006101,E01006101 : Trafford 021A,1.9973,2.9869,3.5001,2.841
E01006190,E01006190 : Trafford 021B,2.3917,1.1092,2.196,1.0928
E01006195,E01006195 : Trafford 021C,3.5482,0.9892,3.1864,0.8925
E01006196,E01006196 : Trafford 021D,3.1095,1.4887,2.9138,1.4887
E01006210,E01006210 : Trafford 021E,2.187,1.907,3.9177,1.907
E01006204,E01006204 : Trafford 022A,1.4584,0.7513,1.37,0.755
E01006206,E01006206 : Trafford 022B,0.9404,1.7598,2.3851,1.1918
E01006207,E01006207 : Trafford 022C,1.3568,2.2545,3.0707,1.5111
E01006208,E01006208 : Trafford 022D,1.0657,2.299,2.7844,1.3771
E01006211,E01006211 : Trafford 022E,2.351,1.67,2.1553,1.67
E01006093,E01006093 : Trafford 023A,2.5049,1.845,2.1928,2.1566
E01006191,E01006191 : Trafford 023B,1.7992,1.9431,1.8174,2.0538
E01006192,E01006192 : Trafford 023C,0.9707,0.8062,0.8424,1.2077
E01006205,E01006205 : Trafford 023D,1.4308,1.2336,1.4038,1.1318
E01006209,E01006209 : Trafford 023E,2.1016,2.4628,2.6669,0.7649
E01006078,E01006078 : Trafford 024A,0.8133,1.4398,0.5975,0.9843
E01006080,E01006080 : Trafford 024B,0.5454,1.2214,0.8144,0.9519
E01006089,E01006089 : Trafford 024C,1.6606,0.885,0.8734,0.8533
E01006193,E01006193 : Trafford 024D,1.4147,1.7568,1.7517,1.9013
E01006194,E01006194 : Trafford 024E,2.2058,2.0575,2.1919,1.5796
E01006074,E01006074 : Trafford 025A,2.9757,3.1467,2.9553,1.104
E01006075,E01006075 : Trafford 025B,0.5461,0.6424,0.5327,0.7668
E01006076,E01006076 : Trafford 025C,1.1979,1.3274,1.1552,1.2971
E01006079,E01006079 : Trafford 025D,2.1047,2.4171,1.996,1.2573
E01006087,E01006087 : Trafford 025E,4.9511,5.5925,5.0148,4.828
E01006083,E01006083 : Trafford 026A,1.6494,2.2561,1.2678,0.9697
E01006084,E01006084 : Trafford 026B,1.352,3.0545,2.2051,1.2883
E01006088,E01006088 : Trafford 026C,1.7623,1.7265,0.8875,1.221
E01006139,E01006139 : Trafford 026D,2.0376,2.2816,1.6594,1.6991
E01006140,E01006140 : Trafford 026E,1.4721,3.0954,2.5807,1.5974
E01006077,E01006077 : Trafford 027A,1.1853,1.072,1.018,1.2842
E01006081,E01006081 : Trafford 027B,4.0476,3.9382,3.9853,1.992
E01006082,E01006082 : Trafford 027C,1.6061,1.6725,1.3389,1.6599
E01006085,E01006085 : Trafford 027D,2.8045,2.7267,2.7738,1.2493
E01006086,E01006086 : Trafford 027E,3.4907,3.3793,3.3164,0.9827
E01006134,E01006134 : Trafford 028A,2.1008,2.6657,2.815,2.1226
E01006135,E01006135 : Trafford 028B,2.349,1.6101,1.6101,1.4842
E01006136,E01006136 : Trafford 028C,3.2914,2.198,2.198,1.4604
E01006137,E01006137 : Trafford 028D,4.0808,2.9972,3.0058,2.0726
E01006138,E01006138 : Trafford 028E,2.5699,2.7773,2.7912,1.1195
E01006315,E01006315 : Wigan 001A,4.2804,3.8269,4.3463,3.8135
E01006316,E01006316 : Wigan 001B,3.9007,3.5366,3.7224,3.4679
E01006317,E01006317 : Wigan 001C,1.7421,1.3263,1.9049,1.4313
E01006319,E01006319 : Wigan 001D,2.0508,1.63,2.0897,1.5568
E01006229,E01006229 : Wigan 002A,1.2847,0.9277,1.0752,1.1502
E01006230,E01006230 : Wigan 002B,2.237,2.1403,1.9988,2.4578
E01006233,E01006233 : Wigan 002C,3.2955,3.2096,1.7915,3.6063
E01006237,E01006237 : Wigan 002D,2.8187,2.6476,2.8988,2.6796
E01006238,E01006238 : Wigan 002E,0.8975,0.7281,0.9317,0.8794
E01006259,E01006259 : Wigan 003A,4.115,4.6556,4.3951,4.1169
E01006312,E01006312 : Wigan 003B,1.5141,5.0427,2.9992,1.5141
E01006313,E01006313 : Wigan 003C,1.8472,5.1551,3.1116,1.8472
E01006314,E01006314 : Wigan 003D,1.5738,4.5007,2.52,1.3155
E01006318,E01006318 : Wigan 003E,1.8008,4.9475,3.2859,1.8008
E01006320,E01006320 : Wigan 003F,3.8345,5.6255,4.0757,1.0402
E01006321,E01006321 : Wigan 003G,2.8505,5.0722,3.2261,1.5875
E01006231,E01006231 : Wigan 004A,2.2726,1.7844,1.7844,1.7844
E01006232,E01006232 : Wigan 004B,4.4416,3.7442,3.0794,4.1402
E01006234,E01006234 : Wigan 004C,0.9755,1.1798,1.1798,1.1798
E01006235,E01006235 : Wigan 004D,1.7042,1.134,1.134,1.134
E01006253,E01006253 : Wigan 005A,2.7512,2.7945,2.6896,2.8521
E01006254,E01006254 : Wigan 005B,2.1058,2.4276,2.0274,2.4306
E01006255,E01006255 : Wigan 005C,0.7189,1.1885,0.7107,1.1342
E01006256,E01006256 : Wigan 005D,2.7814,2.7292,2.7345,2.7868
E01006260,E01006260 : Wigan 005E,1.852,2.3812,1.7538,2.343
E01006370,E01006370 : Wigan 006A,0.8469,0.665,0.5493,0.9719
E01006372,E01006372 : Wigan 006B,2.9428,2.3635,1.6037,3.0563
E01006373,E01006373 : Wigan 006C,2.0525,1.9978,1.9845,2.166
E01006374,E01006374 : Wigan 006D,1.6904,1.3482,1.3504,1.8605
E01006390,E01006390 : Wigan 006E,3.1801,1.4826,1.0912,1.4698
E01006236,E01006236 : Wigan 007A,3.5083,3.1827,3.1827,3.1827
E01006388,E01006388 : Wigan 007B,4.3022,3.3127,3.1951,1.4006
E01006389,E01006389 : Wigan 007C,3.2146,1.5171,1.5171,1.5171
E01006391,E01006391 : Wigan 007D,4.0005,2.303,2.1854,1.1588
E01006257,E01006257 : Wigan 008A,1.1696,1.041,1.1901,1.0653
E01006258,E01006258 : Wigan 008B,1.6509,1.5223,1.7177,1.5746
E01006369,E01006369 : Wigan 008C,1.2823,0.7876,0.7876,1.6073
E01006371,E01006371 : Wigan 008D,1.0855,1.07,0.9371,0.9938
E01006375,E01006375 : Wigan 008E,0.6307,0.5633,0.6227,0.7443
E01006306,E01006306 : Wigan 009A,1.5828,1.2648,0.7483,1.5217
E01006307,E01006307 : Wigan 009B,1.3222,1.4795,1.3654,1.3222
E01006386,E01006386 : Wigan 009C,1.5038,0.928,0.7861,1.0581
E01006387,E01006387 : Wigan 009D,2.5976,0.902,0.9098,0.9098
E01006392,E01006392 : Wigan 009E,2.2628,0.9226,0.9226,0.9226
E01006350,E01006350 : Wigan 010A,1.9785,1.9797,1.6505,1.9711
E01006351,E01006351 : Wigan 010B,0.9433,1.2086,1.0846,1.0957
E01006357,E01006357 : Wigan 010C,1.876,2.3864,2.3862,2.3864
E01006360,E01006360 : Wigan 010D,4.9323,1.2264,1.021,1.3741
E01006361,E01006361 : Wigan 010E,4.3065,0.9229,0.7927,1.1374
E01006356,E01006356 : Wigan 011A,2.7155,2.2089,2.5354,2.2089
E01006396,E01006396 : Wigan 011B,4.9571,3.6999,3.3755,3.6695
E01006397,E01006397 : Wigan 011C,3.9343,2.9563,2.8189,3.0464
E01006398,E01006398 : Wigan 011D,3.1949,2.347,3.472,2.347
E01006399,E01006399 : Wigan 011E,1.6105,0.6803,2.2997,0.6803
E01006305,E01006305 : Wigan 012A,1.9175,1.7127,1.6276,1.9175
E01006308,E01006308 : Wigan 012B,0.8545,0.906,0.7146,0.8545
E01006309,E01006309 : Wigan 012C,2.8259,1.6692,1.5993,1.5448
E01006310,E01006310 : Wigan 012D,2.6303,1.0974,1.0014,1.1031
E01006311,E01006311 : Wigan 012E,1.9532,1.7281,1.6633,1.9532
E01006269,E01006269 : Wigan 013A,0.8698,0.8526,0.6969,0.7672
E01006271,E01006271 : Wigan 013B,1.3701,1.1139,1.0018,1.0569
E01006272,E01006272 : Wigan 013C,0.7282,1.2232,0.9361,1.0458
E01006273,E01006273 : Wigan 013D,2.0496,2.5405,1.8808,1.9506
E01006276,E01006276 : Wigan 013E,0.9427,1.3773,1.0901,1.2029
E01006353,E01006353 : Wigan 014A,1.0455,1.6432,1.4913,1.2434
E01006354,E01006354 : Wigan 014B,0.7769,1.015,1.015,1.015
E01006355,E01006355 : Wigan 014C,1.5625,1.5097,1.5097,1.5691
E01006358,E01006358 : Wigan 014D,1.1798,1.1638,2.2283,1.1638
E01006359,E01006359 : Wigan 014E,0.9222,1.6443,1.6443,1.6443
E01006349,E01006349 : Wigan 015A,1.5484,1.85,1.2695,1.7234
E01006352,E01006352 : Wigan 015B,0.9825,2.5453,1.1821,0.7805
E01006404,E01006404 : Wigan 015C,2.0671,1.5873,1.5217,1.8612
E01006405,E01006405 : Wigan 015D,2.3777,1.3352,0.9484,1.3352
E01006411,E01006411 : Wigan 015E,1.6706,1.5494,1.4917,1.5173
E01006270,E01006270 : Wigan 016A,2.6313,3.1221,1.5706,1.3325
E01006274,E01006274 : Wigan 016B,1.2321,1.8011,0.9738,1.5113
E01006275,E01006275 : Wigan 016C,1.8293,2.3375,1.1711,1.4831
E01006277,E01006277 : Wigan 016D,2.3342,2.9573,1.2415,2.3564
E01006286,E01006286 : Wigan 016E,2.7778,3.3043,1.6386,1.972
E01006239,E01006239 : Wigan 017A,1.832,1.1273,1.0382,1.1273
E01006240,E01006240 : Wigan 017B,2.5281,2.1026,1.5381,2.1026
E01006241,E01006241 : Wigan 017C,2.818,1.799,1.7459,1.799
E01006287,E01006287 : Wigan 017D,2.6874,2.2984,2.0999,2.2984
E01006289,E01006289 : Wigan 017E,1.9297,1.5407,1.0237,1.5407
E01006362,E01006362 : Wigan 018A,1.4802,2.6028,1.0382,1.0368
E01006363,E01006363 : Wigan 018B,1.7727,1.9862,1.3947,1.1123
E01006364,E01006364 : Wigan 018C,1.1793,3.373,1.9767,1.2441
E01006365,E01006365 : Wigan 018D,1.6213,3.8992,2.3119,1.6213
E01006366,E01006366 : Wigan 018E,2.8162,4.9923,1.9199,2.8162
E01006367,E01006367 : Wigan 018F,2.8824,5.2772,1.6416,2.8824
E01006368,E01006368 : Wigan 018G,4.0187,3.6135,2.6421,3.6043
E01006278,E01006278 : Wigan 019A,3.5535,4.1766,2.8023,1.0814
E01006279,E01006279 : Wigan 019B,4.8065,5.4296,3.4971,1.2898
E01006280,E01006280 : Wigan 019C,2.9918,3.6149,2.2763,1.6895
E01006281,E01006281 : Wigan 019D,5.9692,5.4328,4.8932,2.7555
E01006285,E01006285 : Wigan 019E,3.9325,4.5511,2.6908,1.881
E01006406,E01006406 : Wigan 020A,2.9913,0.8949,0.8949,0.8949
E01006407,E01006407 : Wigan 020B,3.787,1.8102,1.8102,1.3464
E01006408,E01006408 : Wigan 020C,2.4299,1.2741,1.2741,1.2856
E01006409,E01006409 : Wigan 020D,3.0481,1.8776,1.5613,1.8368
E01006410,E01006410 : Wigan 020E,3.6411,2.4729,2.2721,2.2616
E01006393,E01006393 : Wigan 021A,3.834,0.777,1.2432,1.1818
E01006394,E01006394 : Wigan 021B,4.5864,1.3443,2.4595,1.7491
E01006395,E01006395 : Wigan 021C,5.095,1.7647,2.5143,2.1695
E01006400,E01006400 : Wigan 021D,3.0741,1.929,1.4727,2.5702
E01006401,E01006401 : Wigan 021E,3.3991,2.4552,3.3109,2.8174
E01006402,E01006402 : Wigan 021F,4.4005,1.2409,1.989,1.6456
E01006403,E01006403 : Wigan 021G,2.8126,1.7197,0.9181,2.3268
E01006290,E01006290 : Wigan 022A,2.1555,1.7665,1.4781,1.7665
E01006291,E01006291 : Wigan 022B,1.3121,0.9271,0.7445,0.9271
E01006292,E01006292 : Wigan 022C,1.5526,1.5478,1.7558,1.5478
E01006293,E01006293 : Wigan 022D,1.789,1.2535,1.5437,1.2535
E01006242,E01006242 : Wigan 023A,1.1405,0.9521,0.8698,0.8762
E01006243,E01006243 : Wigan 023B,2.9476,2.3503,2.7639,2.6751
E01006244,E01006244 : Wigan 023C,0.4212,0.877,0.7683,0.7381
E01006245,E01006245 : Wigan 023D,2.5588,1.8464,2.486,2.3268
E01006213,E01006213 : Wigan 024A,1.4725,1.3462,1.3462,1.2388
E01006215,E01006215 : Wigan 024B,1.4162,1.8578,0.8447,1.5054
E01006217,E01006217 : Wigan 024C,2.0945,2.1794,2.1794,2.1673
E01006218,E01006218 : Wigan 024D,0.8831,1.0688,0.8667,1.0009
E01006219,E01006219 : Wigan 024E,1.7495,1.991,1.6679,1.6358
E01006288,E01006288 : Wigan 025A,2.8497,2.3141,2.5221,2.3141
E01006294,E01006294 : Wigan 025B,0.3436,0.7177,1.0558,0.3408
E01006295,E01006295 : Wigan 025C,1.0328,0.4407,0.7858,0.6003
E01006377,E01006377 : Wigan 025D,2.2554,2.6969,1.5284,2.4257
E01006378,E01006378 : Wigan 025E,2.8805,3.2035,2.1245,3.0507
E01006212,E01006212 : Wigan 026A,2.0842,2.3257,2.3119,1.9705
E01006214,E01006214 : Wigan 026B,2.0602,2.3018,2.2879,1.2892
E01006216,E01006216 : Wigan 026C,3.7587,4.0003,3.9864,1.5731
E01006322,E01006322 : Wigan 026D,4.0832,4.0989,1.5189,1.3762
E01006329,E01006329 : Wigan 026E,1.602,1.602,1.602,3.6462
E01006282,E01006282 : Wigan 027A,7.0008,2.7436,2.7436,4.1772
E01006283,E01006283 : Wigan 027B,3.6226,3.2192,1.104,1.489
E01006284,E01006284 : Wigan 027C,5.0068,3.6634,1.5271,1.5271
E01006336,E01006336 : Wigan 027D,3.869,1.6301,1.6301,3.2168
E01006337,E01006337 : Wigan 027E,2.2263,2.5141,2.3362,2.6073
E01006376,E01006376 : Wigan 028A,1.4233,1.2573,2.2117,1.2573
E01006381,E01006381 : Wigan 028B,2.1674,1.9648,2.5491,1.9648
E01006382,E01006382 : Wigan 028C,3.2233,2.71,2.5153,2.71
E01006383,E01006383 : Wigan 028D,2.0839,1.895,2.491,1.8754
E01006384,E01006384 : Wigan 028E,2.8204,2.2069,2.2724,2.2069
E01006250,E01006250 : Wigan 029A,2.2559,1.398,2.1064,2.0455
E01006251,E01006251 : Wigan 029B,4.5306,3.492,4.5994,4.1988
E01006379,E01006379 : Wigan 029C,2.1016,1.538,1.255,2.1168
E01006380,E01006380 : Wigan 029D,2.7776,2.5677,2.0916,2.9818
E01006385,E01006385 : Wigan 029E,2.352,1.5668,2.3211,1.7385
E01006328,E01006328 : Wigan 030A,0.4778,1.875,1.1688,1.1196
E01006333,E01006333 : Wigan 030B,0.5322,1.2982,0.7308,0.575
E01006334,E01006334 : Wigan 030C,0.9246,1.7284,0.9621,1.3133
E01006338,E01006338 : Wigan 030D,1.5864,1.7845,1.5869,1.821
E01006248,E01006248 : Wigan 031A,3.0894,4.3002,4.3002,0.8941
E01006249,E01006249 : Wigan 031B,2.3975,3.6083,3.6134,1.211
E01006330,E01006330 : Wigan 031C,1.304,1.3431,1.2297,1.3373
E01006331,E01006331 : Wigan 031D,1.9451,1.9013,1.9152,1.9061
E01006332,E01006332 : Wigan 031E,1.1008,0.7246,0.6487,0.9694
E01006262,E01006262 : Wigan 032A,2.2069,1.9831,2.8311,1.9831
E01006263,E01006263 : Wigan 032B,2.255,1.6606,1.2213,1.6606
E01006266,E01006266 : Wigan 032C,1.4397,1.5011,2.6118,1.5011
E01006267,E01006267 : Wigan 032D,1.6734,1.1839,1.9761,1.1839
E01006268,E01006268 : Wigan 032E,1.473,0.8382,1.2917,0.8382
E01006323,E01006323 : Wigan 033A,3.0584,3.5134,1.5287,1.5287
E01006324,E01006324 : Wigan 033B,1.9669,2.4219,2.2182,2.4004
E01006325,E01006325 : Wigan 033C,3.1646,1.7444,3.5222,3.8091
E01006326,E01006326 : Wigan 033D,0.792,2.025,1.113,1.5264
E01006327,E01006327 : Wigan 033E,4.7768,1.9483,5.1606,5.3489
E01006246,E01006246 : Wigan 034A,1.4072,2.3811,2.5657,1.4072
E01006247,E01006247 : Wigan 034B,1.8538,2.0758,2.0551,1.848
E01006252,E01006252 : Wigan 034C,0.9391,2.1499,2.1499,0.9391
E01006297,E01006297 : Wigan 034D,1.9198,2.1317,1.8319,1.6871
E01006335,E01006335 : Wigan 034E,1.2999,0.6837,0.6837,1.2255
E01006220,E01006220 : Wigan 035A,3.5159,3.6495,3.1218,2.9947
E01006221,E01006221 : Wigan 035B,1.8921,1.8415,1.5556,1.9242
E01006222,E01006222 : Wigan 035C,3.0654,3.0556,2.7696,3.1382
E01006224,E01006224 : Wigan 035D,3.3931,3.3833,3.0973,3.4659
E01006226,E01006226 : Wigan 035E,1.6349,1.625,1.625,1.3157
E01006223,E01006223 : Wigan 036A,0.9449,0.935,0.822,0.8999
E01006225,E01006225 : Wigan 036B,1.2637,1.2539,1.2539,1.277
E01006261,E01006261 : Wigan 036C,1.9898,1.4969,1.769,1.4018
E01006264,E01006264 : Wigan 036D,2.1378,1.9381,2.0565,1.9758
E01006265,E01006265 : Wigan 036E,0.9893,0.9714,0.7186,0.6764
E01006296,E01006296 : Wigan 037A,1.8908,1.365,1.365,1.742
E01006298,E01006298 : Wigan 037B,1.1001,2.2481,1.9357,1.6619
E01006299,E01006299 : Wigan 037C,2.5932,2.7491,2.2387,2.3998
E01006300,E01006300 : Wigan 037D,2.2904,3.4384,3.0216,2.8522
E01006301,E01006301 : Wigan 037E,3.1665,4.2575,3.2858,3.6713
E01006227,E01006227 : Wigan 038A,2.2449,2.786,1.8464,1.53
E01006228,E01006228 : Wigan 038B,1.1223,1.6633,1.1482,1.0441
E01006342,E01006342 : Wigan 038C,1.373,1.8838,1.3845,1.316
E01006344,E01006344 : Wigan 038D,1.3522,2.2635,2.0413,1.5387
E01006346,E01006346 : Wigan 038E,1.5443,2.0853,1.7914,1.4496
E01006339,E01006339 : Wigan 039A,3.0601,1.088,1.1088,1.1088
E01006340,E01006340 : Wigan 039B,2.0575,2.4407,1.7184,2.1244
E01006343,E01006343 : Wigan 039C,3.6444,1.3227,1.4125,1.3227
E01006345,E01006345 : Wigan 039D,1.2655,2.0984,2.0984,2.0984
E01006348,E01006348 : Wigan 039E,2.4822,3.4204,3.8907,2.8301
E01006302,E01006302 : Wigan 040A,4.1492,2.4639,2.0946,2.8471
E01006303,E01006303 : Wigan 040B,4.5987,3.2965,2.02,3.6797
E01006304,E01006304 : Wigan 040C,2.2834,1.4996,3.5792,1.7094
E01006341,E01006341 : Wigan 040D,2.8752,1.4156,3.5837,1.2687
E01006347,E01006347 : Wigan 040E,1.3427,1.7881,3.6206,1.8134
E01005357,E01005357 : Oldham 001A,3.0307,3.3673,2.7006,0.9686
E01005358,E01005358 : Oldham 001B,1.7381,2.0323,1.3656,1.2598
E01005359,E01005359 : Oldham 001C,2.6678,2.962,2.2953,1.0558
E01005360,E01005360 : Oldham 001D,2.6275,2.9686,2.1334,2.323
E01005441,E01005441 : Oldham 002A,1.8227,2.2951,2.1305,1.9919
E01005442,E01005442 : Oldham 002B,2.2038,2.7783,2.6137,2.4751
E01005444,E01005444 : Oldham 002C,1.1693,1.6417,1.3914,1.3386
E01005445,E01005445 : Oldham 002D,0.7303,1.229,1.1008,0.9027
E01005361,E01005361 : Oldham 003A,1.8092,1.7894,1.34,1.647
E01005443,E01005443 : Oldham 003B,2.4239,2.9818,2.8003,2.7102
E01005446,E01005446 : Oldham 003C,1.4114,2.1335,2.013,1.7602
E01005447,E01005447 : Oldham 003D,0.9492,0.7515,0.6419,0.5684
E01005390,E01005390 : Oldham 004A,1.5039,1.2618,1.3009,1.6042
E01005394,E01005394 : Oldham 004B,2.9213,3.3253,2.1223,3.304
E01005395,E01005395 : Oldham 004C,1.8153,2.2194,1.0296,2.1981
E01005396,E01005396 : Oldham 004D,2.0482,2.4059,1.2492,2.3846
E01005355,E01005355 : Oldham 005A,1.5835,0.9689,0.9689,1.1361
E01005356,E01005356 : Oldham 005B,1.4692,1.8069,1.4117,1.9666
E01005399,E01005399 : Oldham 005C,1.0611,1.5343,0.7176,1.6776
E01005403,E01005403 : Oldham 005D,0.9475,1.2639,0.9559,1.1627
E01005410,E01005410 : Oldham 006A,5.5216,5.0162,4.9912,4.8219
E01005411,E01005411 : Oldham 006B,3.524,3.0927,3.0927,2.9392
E01005414,E01005414 : Oldham 006C,8.5601,7.6675,5.2864,5.221
E01005415,E01005415 : Oldham 006D,6.2713,6.2904,1.5698,1.5137
E01005452,E01005452 : Oldham 007C,3.6745,1.8869,1.8521,1.8869
E01005453,E01005453 : Oldham 007D,2.6224,1.4649,1.4649,1.4649
E01032558,E01032558 : Oldham 007E,3.8447,2.0668,0.762,2.0668
E01032559,E01032559 : Oldham 007F,2.6429,1.7673,1.523,1.7673
E01005391,E01005391 : Oldham 008A,2.3175,2.0143,2.2444,2.3424
E01005392,E01005392 : Oldham 008B,0.9057,0.8325,0.8532,1.086
E01005393,E01005393 : Oldham 008C,1.9203,1.8669,1.8167,2.0408
E01005401,E01005401 : Oldham 008D,2.3821,2.3288,1.4745,1.7187
E01005397,E01005397 : Oldham 009A,1.0924,2.951,1.2003,3.0863
E01005398,E01005398 : Oldham 009B,1.4655,1.3433,1.2331,1.8373
E01005400,E01005400 : Oldham 009C,0.7686,0.695,0.6901,1.0892
E01005402,E01005402 : Oldham 009D,2.0948,2.0948,1.0639,1.5586
E01005335,E01005335 : Oldham 010A,1.0776,3.0493,2.3745,1.7978
E01005337,E01005337 : Oldham 010B,3.1046,1.9776,0.9658,0.5964
E01005339,E01005339 : Oldham 010C,3.0325,3.0806,2.6677,1.7353
E01005340,E01005340 : Oldham 010D,2.7935,1.6735,1.1271,1.3745
E01005421,E01005421 : Oldham 011A,0.985,1.3134,1.1509,1.3656
E01005422,E01005422 : Oldham 011B,1.4409,2.1236,1.8928,2.0186
E01032920,E01032920 : Oldham 011E,1.7264,1.6132,1.5287,1.1766
E01005448,E01005448 : Oldham 012A,1.1038,1.0615,0.9169,1.0887
E01005449,E01005449 : Oldham 012B,1.3157,1.238,1.41,1.3157
E01005454,E01005454 : Oldham 012C,1.7518,1.7215,1.8061,1.9703
E01005455,E01005455 : Oldham 012D,1.0267,1.4506,1.4186,1.6685
E01005456,E01005456 : Oldham 012E,0.7598,0.7987,0.6477,0.8948
E01005407,E01005407 : Oldham 013A,2.7453,3.7394,3.0063,2.81
E01005412,E01005412 : Oldham 013B,1.5341,1.0504,1.0504,0.9355
E01005416,E01005416 : Oldham 013C,5.3308,5.3048,1.5258,1.3249
E01005417,E01005417 : Oldham 013D,2.8216,2.9447,2.1787,3.3367
E01005348,E01005348 : Oldham 014A,1.8188,1.7956,0.6251,0.9106
E01005350,E01005350 : Oldham 014B,1.043,0.885,0.731,0.6393
E01005432,E01005432 : Oldham 014C,1.4214,1.2264,1.2886,1.1308
E01005433,E01005433 : Oldham 014D,0.6119,0.7016,0.5398,0.6983
E01005329,E01005329 : Oldham 015A,1.5315,3.4227,3.3462,2.7076
E01005330,E01005330 : Oldham 015B,1.8869,2.1819,2.6187,1.9353
E01005333,E01005333 : Oldham 015C,0.9161,2.8878,2.7295,2.1668
E01005336,E01005336 : Oldham 015D,1.9379,2.8813,2.6417,0.8385
E01005349,E01005349 : Oldham 016A,1.9661,1.5767,0.7262,0.7724
E01005351,E01005351 : Oldham 016B,2.7288,2.0316,0.8382,0.8054
E01005352,E01005352 : Oldham 016C,2.9492,1.4662,1.0592,1.0127
E01005353,E01005353 : Oldham 016D,1.8307,1.2752,0.6845,0.9045
E01005354,E01005354 : Oldham 016E,2.4459,2.1549,0.7068,0.8962
E01005327,E01005327 : Oldham 017A,2.1325,1.3646,1.1004,1.3646
E01005328,E01005328 : Oldham 017B,2.3436,1.193,0.9975,1.193
E01005331,E01005331 : Oldham 017C,1.4612,1.2573,1.4361,1.2496
E01005334,E01005334 : Oldham 017D,1.5006,2.0339,2.0339,1.3845
E01005338,E01005338 : Oldham 017E,2.8469,1.0134,0.6968,0.7892
E01005387,E01005387 : Oldham 018A,2.2502,1.934,1.5598,2.2502
E01005388,E01005388 : Oldham 018B,2.1556,2.2667,0.8299,2.5937
E01005389,E01005389 : Oldham 018C,0.5091,0.7374,0.4328,1.1753
E01005418,E01005418 : Oldham 018D,1.5995,2.4291,0.9813,2.8797
E01005428,E01005428 : Oldham 019A,1.0812,0.842,0.7854,0.4878
E01005431,E01005431 : Oldham 019B,1.0793,1.4862,1.3435,1.2535
E01005450,E01005450 : Oldham 019C,1.0079,1.2797,0.6269,0.9492
E01005451,E01005451 : Oldham 019D,1.0543,1.5761,1.3455,1.332
E01005408,E01005408 : Oldham 020C,1.1092,2.9453,0.8278,0.7078
E01005409,E01005409 : Oldham 020D,1.4221,3.6669,1.804,1.6379
E01032922,E01032922 : Oldham 020E,1.4194,1.1569,1.0279,1.1024
E01005406,E01005406 : Oldham 021A,2.6796,4.1204,3.2589,3.8456
E01005413,E01005413 : Oldham 021B,3.0398,4.1543,2.9565,4.605
E01005419,E01005419 : Oldham 021C,0.6779,1.2595,0.9645,1.751
E01005420,E01005420 : Oldham 021D,1.0728,2.1873,1.0085,2.6379
E01005321,E01005321 : Oldham 022A,0.6142,1.4341,1.4612,0.6752
E01005326,E01005326 : Oldham 022B,0.9212,1.1616,1.1598,0.6737
E01005427,E01005427 : Oldham 022C,1.3569,1.0568,0.516,0.8575
E01005429,E01005429 : Oldham 022D,0.6633,0.575,0.575,0.5445
E01005430,E01005430 : Oldham 022E,0.8272,0.9601,0.9601,0.867
E01005320,E01005320 : Oldham 024A,0.8895,0.8895,1.1885,1.2888
E01005434,E01005434 : Oldham 024B,0.5392,0.6507,0.7056,0.8641
E01005437,E01005437 : Oldham 024C,0.9277,1.0235,0.9998,1.3249
E01005459,E01005459 : Oldham 024D,1.3291,1.1383,1.1002,0.841
E01005383,E01005383 : Oldham 026A,1.6782,2.4596,2.4454,2.0035
E01005386,E01005386 : Oldham 026D,2.3029,3.1629,3.1425,2.5487
E01032556,E01032556 : Oldham 026E,0.7154,0.8613,0.6781,1.2624
E01032557,E01032557 : Oldham 026F,3.5513,4.2334,1.1226,3.9886
E01005342,E01005342 : Oldham 027A,1.323,0.9214,0.9712,1.0075
E01005343,E01005343 : Oldham 027B,1.424,1.0688,1.0688,1.4748
E01005344,E01005344 : Oldham 027C,1.6895,1.2071,1.0612,1.5962
E01005381,E01005381 : Oldham 027D,1.8282,1.1033,1.6251,1.4534
E01005332,E01005332 : Oldham 028A,0.9752,1.149,0.8791,1.0885
E01005341,E01005341 : Oldham 028B,1.2038,1.7468,1.3387,1.7536
E01005345,E01005345 : Oldham 028C,1.1225,2.0834,2.1269,1.1029
E01005346,E01005346 : Oldham 028D,1.0216,1.9206,1.8089,1.2849
E01005347,E01005347 : Oldham 028E,1.6496,2.0519,1.9304,2.1247
E01005322,E01005322 : Oldham 029A,0.9972,0.6835,0.6835,0.7167
E01005323,E01005323 : Oldham 029B,1.3764,1.2086,1.1251,1.2941
E01005324,E01005324 : Oldham 029C,1.2145,0.8907,0.6388,2.0195
E01005325,E01005325 : Oldham 029D,2.0581,1.4238,1.4238,2.1726
E01005438,E01005438 : Oldham 029E,0.846,0.7194,0.6076,0.7676
E01005377,E01005377 : Oldham 030A,1.7207,2.0307,0.9567,1.093
E01005379,E01005379 : Oldham 030B,1.2305,1.4088,1.1775,1.001
E01005380,E01005380 : Oldham 030C,3.0426,3.5693,1.708,1.708
E01005382,E01005382 : Oldham 030D,1.1103,0.734,0.734,0.9196
E01005439,E01005439 : Oldham 030E,1.0893,1.4396,1.4396,0.8439
E01005362,E01005362 : Oldham 031A,1.7672,2.2558,1.8204,2.1616
E01005364,E01005364 : Oldham 031B,2.4348,2.4865,1.9832,2.4865
E01005368,E01005368 : Oldham 031C,1.486,1.8929,0.8963,1.6152
E01005376,E01005376 : Oldham 031D,0.7499,1.3739,1.6166,1.2645
E01005378,E01005378 : Oldham 031E,0.6726,1.5288,1.4748,0.8898
E01005363,E01005363 : Oldham 032A,1.6506,1.5087,1.2541,1.5087
E01005369,E01005369 : Oldham 032B,0.9883,2.3064,2.0099,0.8083
E01005370,E01005370 : Oldham 032C,1.4983,1.8823,1.1503,1.1553
E01005371,E01005371 : Oldham 032D,0.8217,2.0254,1.4578,0.8755
E01005365,E01005365 : Oldham 033A,3.5673,3.5706,3.1835,3.3479
E01005366,E01005366 : Oldham 033B,1.9081,2.114,2.0536,2.114
E01005367,E01005367 : Oldham 033C,3.7271,3.4885,3.3683,3.4885
E01005440,E01005440 : Oldham 033D,3.3563,2.918,2.5597,1.5967
E01005372,E01005372 : Oldham 034A,1.2999,2.0837,1.0866,1.8227
E01005373,E01005373 : Oldham 034B,0.8516,2.774,1.5387,2.5791
E01005374,E01005374 : Oldham 034C,1.9053,2.9736,1.3163,2.0209
E01005375,E01005375 : Oldham 034D,1.3309,3.0482,2.3138,2.6671
E01034232,E01034232 : Oldham 036A,0.9678,0.7449,0.5411,0.6502
E01034233,E01034233 : Oldham 036B,1.272,0.8089,0.7146,0.7104
E01005460,E01005460 : Oldham 036C,0.9628,0.746,0.9909,0.4714
E01005463,E01005463 : Oldham 036D,1.0284,0.8783,0.9909,0.6423
E01005461,E01005461 : Oldham 037A,1.6587,1.5373,0.7119,0.7871
E01005435,E01005435 : Oldham 037B,1.1444,1.1444,1.5458,1.2731
E01005462,E01005462 : Oldham 037C,1.6466,1.0915,1.1962,1.1218
E01005436,E01005436 : Oldham 037D,1.0766,1.3306,1.2569,1.4004
